u,v,C,C_refl,D
0.025,0.025,0.00353,0.00801,-0.00449
0.025,0.05,0.00649,0.01226,-0.00577
0.025,0.075,0.009,0.01522,-0.00622
0.025,0.1,0.01128,0.0173,-0.00602
0.025,0.125,0.01334,0.01884,-0.00551
0.025,0.15,0.01531,0.02002,-0.00471
0.025,0.175,0.01685,0.02097,-0.00412
0.025,0.2,0.01825,0.02166,-0.00341
0.025,0.225,0.0195,0.02218,-0.00268
0.025,0.25,0.02063,0.02266,-0.00203
0.025,0.275,0.02154,0.02313,-0.0016
0.025,0.3,0.02229,0.02347,-0.00118
0.025,0.325,0.02286,0.0237,-0.00084
0.025,0.35,0.02333,0.02391,-0.00058
0.025,0.375,0.02375,0.02409,-0.00034
0.025,0.4,0.02409,0.02422,-0.00013
0.025,0.425,0.0243,0.02434,-4e-05
0.025,0.45,0.02449,0.02445,3e-05
0.025,0.475,0.02461,0.02454,7e-05
0.025,0.5,0.02471,0.02464,7e-05
0.025,0.525,0.0248,0.02474,6e-05
0.025,0.55,0.02485,0.02478,7e-05
0.025,0.575,0.02489,0.02482,7e-05
0.025,0.6,0.02492,0.02486,6e-05
0.025,0.625,0.02494,0.0249,4e-05
0.025,0.65,0.02495,0.02493,2e-05
0.025,0.675,0.02495,0.02494,2e-05
0.025,0.7,0.02496,0.02495,1e-05
0.025,0.725,0.02497,0.02496,1e-05
0.025,0.75,0.02498,0.02496,2e-05
0.025,0.775,0.02498,0.02497,0
0.025,0.8,0.02499,0.02498,1e-05
0.025,0.825,0.02499,0.02499,0
0.025,0.85,0.02499,0.02499,0
0.025,0.875,0.025,0.025,0
0.025,0.9,0.025,0.025,0
0.025,0.925,0.025,0.025,0
0.025,0.95,0.025,0.025,0
0.025,0.975,0.025,0.025,0
0.05,0.025,0.00648,0.01201,-0.00553
0.05,0.05,0.01218,0.01974,-0.00756
0.05,0.075,0.01709,0.0254,-0.00832
0.05,0.1,0.02168,0.0299,-0.00823
0.05,0.125,0.02571,0.03332,-0.00761
0.05,0.15,0.02952,0.03629,-0.00677
0.05,0.175,0.03275,0.03861,-0.00586
0.05,0.2,0.0356,0.04053,-0.00493
0.05,0.225,0.03822,0.04204,-0.00382
0.05,0.25,0.04052,0.04335,-0.00282
0.05,0.275,0.04239,0.04451,-0.00213
0.05,0.3,0.04398,0.04548,-0.0015
0.05,0.325,0.04523,0.04618,-0.00095
0.05,0.35,0.04631,0.04678,-0.00046
0.05,0.375,0.04734,0.04732,1e-05
0.05,0.4,0.04801,0.04777,0.00023
0.05,0.425,0.04849,0.04815,0.00035
0.05,0.45,0.04889,0.04848,0.00041
0.05,0.475,0.04917,0.04867,5e-04
0.05,0.5,0.04938,0.04891,0.00047
0.05,0.525,0.04954,0.04912,0.00042
0.05,0.55,0.04965,0.04924,0.00041
0.05,0.575,0.04973,0.04938,0.00035
0.05,0.6,0.04979,0.04948,3e-04
0.05,0.625,0.04984,0.04959,0.00025
0.05,0.65,0.04989,0.04968,0.00022
0.05,0.675,0.04991,0.04974,0.00017
0.05,0.7,0.04991,0.0498,0.00012
0.05,0.725,0.04994,0.04983,0.00011
0.05,0.75,0.04996,0.04985,0.00011
0.05,0.775,0.04996,0.04991,6e-05
0.05,0.8,0.04997,0.04992,5e-05
0.05,0.825,0.04998,0.04996,2e-05
0.05,0.85,0.04999,0.04997,2e-05
0.05,0.875,0.04999,0.04998,1e-05
0.05,0.9,0.05,0.04998,1e-05
0.05,0.925,0.05,0.04999,1e-05
0.05,0.95,0.05,0.04999,0
0.05,0.975,0.05,0.05,0
0.075,0.025,0.00948,0.01482,-0.00533
0.075,0.05,0.01772,0.02515,-0.00743
0.075,0.075,0.0249,0.0333,-0.0084
0.075,0.1,0.03175,0.04003,-0.00828
0.075,0.125,0.03782,0.04551,-0.00769
0.075,0.15,0.04334,0.05011,-0.00678
0.075,0.175,0.04816,0.054,-0.00584
0.075,0.2,0.05229,0.05727,-0.00499
0.075,0.225,0.05618,0.05985,-0.00367
0.075,0.25,0.05962,0.0621,-0.00248
0.075,0.275,0.06257,0.06424,-0.00167
0.075,0.3,0.06499,0.06598,-0.001
0.075,0.325,0.06713,0.0673,-0.00016
0.075,0.35,0.0688,0.06857,0.00023
0.075,0.375,0.07034,0.0696,0.00074
0.075,0.4,0.07151,0.07049,0.00101
0.075,0.425,0.07237,0.07122,0.00114
0.075,0.45,0.07309,0.07184,0.00125
0.075,0.475,0.07357,0.07226,0.0013
0.075,0.5,0.0739,0.07273,0.00118
0.075,0.525,0.07415,0.07309,0.00106
0.075,0.55,0.07436,0.07335,0.00101
0.075,0.575,0.07452,0.07361,0.00091
0.075,0.6,0.07464,0.07385,8e-04
0.075,0.625,0.07475,0.07402,0.00073
0.075,0.65,0.07483,0.07419,0.00064
0.075,0.675,0.07485,0.07431,0.00055
0.075,0.7,0.07488,0.07441,0.00046
0.075,0.725,0.07491,0.07451,4e-04
0.075,0.75,0.07493,0.07459,0.00034
0.075,0.775,0.07495,0.07468,0.00027
0.075,0.8,0.07497,0.07472,0.00025
0.075,0.825,0.07498,0.0748,0.00018
0.075,0.85,0.07498,0.07482,0.00016
0.075,0.875,0.07499,0.07484,0.00015
0.075,0.9,0.07499,0.07486,0.00013
0.075,0.925,0.07499,0.07489,1e-04
0.075,0.95,0.07499,0.0749,9e-05
0.075,0.975,0.075,0.0749,9e-05
0.1,0.025,0.01196,0.01677,-0.00481
0.1,0.05,0.02247,0.02936,-0.00689
0.1,0.075,0.03173,0.03975,-0.00803
0.1,0.1,0.04063,0.04862,-0.00798
0.1,0.125,0.04857,0.05594,-0.00737
0.1,0.15,0.05588,0.06223,-0.00635
0.1,0.175,0.06232,0.06774,-0.00542
0.1,0.2,0.06801,0.07239,-0.00438
0.1,0.225,0.07322,0.0763,-0.00309
0.1,0.25,0.07785,0.07958,-0.00173
0.1,0.275,0.08183,0.08277,-0.00094
0.1,0.3,0.08527,0.08538,-0.00011
0.1,0.325,0.0883,0.08741,0.00089
0.1,0.35,0.09068,0.08946,0.00122
0.1,0.375,0.0929,0.09106,0.00183
0.1,0.4,0.09455,0.09249,0.00207
0.1,0.425,0.09587,0.09373,0.00214
0.1,0.45,0.09688,0.09474,0.00214
0.1,0.475,0.09762,0.09553,0.00209
0.1,0.5,0.09819,0.09629,0.0019
0.1,0.525,0.09864,0.09688,0.00177
0.1,0.55,0.09901,0.0974,0.00161
0.1,0.575,0.09926,0.09785,0.00141
0.1,0.6,0.09946,0.09823,0.00123
0.1,0.625,0.09958,0.09858,0.00101
0.1,0.65,0.09971,0.09888,0.00083
0.1,0.675,0.09976,0.09911,0.00065
0.1,0.7,0.0998,0.09929,0.00052
0.1,0.725,0.09985,0.09946,0.00039
0.1,0.75,0.09989,0.09959,3e-04
0.1,0.775,0.09991,0.09974,0.00017
0.1,0.8,0.09993,0.09981,0.00012
0.1,0.825,0.09994,0.09992,2e-05
0.1,0.85,0.09995,0.09998,-3e-05
0.1,0.875,0.09995,0.10001,-6e-05
0.1,0.9,0.09996,0.10004,-8e-05
0.1,0.925,0.09996,0.10008,-0.00012
0.1,0.95,0.09996,0.10009,-0.00013
0.1,0.975,0.09997,0.10013,-0.00015
0.125,0.025,0.01394,0.01834,-0.0044
0.125,0.05,0.02642,0.03295,-0.00653
0.125,0.075,0.03767,0.04534,-0.00767
0.125,0.1,0.04836,0.05601,-0.00766
0.125,0.125,0.05828,0.06492,-0.00664
0.125,0.15,0.06729,0.07281,-0.00552
0.125,0.175,0.07531,0.07989,-0.00458
0.125,0.2,0.08263,0.08585,-0.00322
0.125,0.225,0.08926,0.09114,-0.00188
0.125,0.25,0.09531,0.09568,-0.00037
0.125,0.275,0.10042,0.09992,0.00049
0.125,0.3,0.10485,0.10345,0.0014
0.125,0.325,0.1089,0.10634,0.00256
0.125,0.35,0.11209,0.10909,0.003
0.125,0.375,0.115,0.11136,0.00363
0.125,0.4,0.11714,0.11338,0.00376
0.125,0.425,0.11884,0.11521,0.00362
0.125,0.45,0.12023,0.11669,0.00354
0.125,0.475,0.12131,0.11788,0.00343
0.125,0.5,0.12217,0.11898,0.00319
0.125,0.525,0.12285,0.11996,0.00289
0.125,0.55,0.12341,0.12076,0.00265
0.125,0.575,0.12386,0.12149,0.00236
0.125,0.6,0.12412,0.12202,0.0021
0.125,0.625,0.12433,0.12257,0.00177
0.125,0.65,0.12454,0.12302,0.00153
0.125,0.675,0.12464,0.12333,0.0013
0.125,0.7,0.12471,0.1236,0.00111
0.125,0.725,0.12478,0.12385,0.00093
0.125,0.75,0.12484,0.12403,0.00081
0.125,0.775,0.12488,0.12426,0.00062
0.125,0.8,0.12491,0.12438,0.00053
0.125,0.825,0.12496,0.12452,0.00044
0.125,0.85,0.12497,0.12462,0.00036
0.125,0.875,0.12498,0.12467,0.00031
0.125,0.9,0.125,0.12473,0.00027
0.125,0.925,0.12501,0.12479,0.00023
0.125,0.95,0.12503,0.12481,0.00022
0.125,0.975,0.12504,0.12485,0.00019
0.15,0.025,0.01569,0.01956,-0.00388
0.15,0.05,0.02999,0.03572,-0.00573
0.15,0.075,0.04306,0.04983,-0.00677
0.15,0.1,0.05543,0.06218,-0.00675
0.15,0.125,0.067,0.07289,-0.00589
0.15,0.15,0.07764,0.08242,-0.00478
0.15,0.175,0.08716,0.09106,-0.0039
0.15,0.2,0.09592,0.09847,-0.00256
0.15,0.225,0.10394,0.10507,-0.00113
0.15,0.25,0.11132,0.1109,0.00042
0.15,0.275,0.1176,0.11638,0.00121
0.15,0.3,0.12313,0.12102,0.00211
0.15,0.325,0.12824,0.12488,0.00336
0.15,0.35,0.13234,0.12842,0.00392
0.15,0.375,0.1361,0.13143,0.00467
0.15,0.4,0.13888,0.13419,0.00468
0.15,0.425,0.14118,0.13673,0.00446
0.15,0.45,0.14305,0.13866,0.0044
0.15,0.475,0.1445,0.14028,0.00422
0.15,0.5,0.14568,0.14182,0.00386
0.15,0.525,0.14665,0.14315,0.0035
0.15,0.55,0.14746,0.14426,0.0032
0.15,0.575,0.1481,0.14526,0.00284
0.15,0.6,0.14856,0.14604,0.00252
0.15,0.625,0.14888,0.14678,0.0021
0.15,0.65,0.14918,0.1474,0.00178
0.15,0.675,0.14937,0.14783,0.00154
0.15,0.7,0.14949,0.14823,0.00126
0.15,0.725,0.1496,0.14862,0.00098
0.15,0.75,0.14969,0.14886,0.00083
0.15,0.775,0.14974,0.1492,0.00054
0.15,0.8,0.1498,0.14937,0.00042
0.15,0.825,0.14988,0.14956,0.00031
0.15,0.85,0.1499,0.1497,0.00021
0.15,0.875,0.14992,0.1498,0.00012
0.15,0.9,0.14995,0.14991,5e-05
0.15,0.925,0.14999,0.14998,1e-05
0.15,0.95,0.15,0.15002,-2e-05
0.15,0.975,0.15002,0.15009,-7e-05
0.175,0.025,0.01714,0.0206,-0.00346
0.175,0.05,0.03296,0.03804,-0.00508
0.175,0.075,0.04765,0.05354,-0.0059
0.175,0.1,0.06149,0.06748,-0.00598
0.175,0.125,0.0746,0.07983,-0.00523
0.175,0.15,0.08673,0.09078,-0.00405
0.175,0.175,0.0977,0.10085,-0.00315
0.175,0.2,0.10803,0.10968,-0.00165
0.175,0.225,0.11734,0.11766,-0.00032
0.175,0.25,0.12617,0.12477,0.0014
0.175,0.275,0.13368,0.13138,0.0023
0.175,0.3,0.14044,0.13709,0.00336
0.175,0.325,0.14664,0.14199,0.00465
0.175,0.35,0.15176,0.14652,0.00524
0.175,0.375,0.15637,0.15039,0.00599
0.175,0.4,0.15996,0.15392,0.00604
0.175,0.425,0.16293,0.15714,0.00579
0.175,0.45,0.16528,0.15962,0.00565
0.175,0.475,0.16721,0.16178,0.00543
0.175,0.5,0.16879,0.1638,0.005
0.175,0.525,0.17004,0.16552,0.00452
0.175,0.55,0.17117,0.16698,0.00419
0.175,0.575,0.17206,0.16827,0.00379
0.175,0.6,0.17272,0.16927,0.00345
0.175,0.625,0.17321,0.17025,0.00296
0.175,0.65,0.17366,0.17106,0.0026
0.175,0.675,0.17397,0.17167,0.0023
0.175,0.7,0.17416,0.17224,0.00192
0.175,0.725,0.17439,0.17279,0.0016
0.175,0.75,0.17455,0.1731,0.00145
0.175,0.775,0.17464,0.17355,0.00109
0.175,0.8,0.17473,0.17384,0.00089
0.175,0.825,0.17483,0.17409,0.00074
0.175,0.85,0.17487,0.17428,0.00059
0.175,0.875,0.1749,0.17443,0.00048
0.175,0.9,0.17496,0.17456,0.00039
0.175,0.925,0.175,0.17466,0.00034
0.175,0.95,0.17501,0.17472,3e-04
0.175,0.975,0.17504,0.17481,0.00023
0.2,0.025,0.01852,0.02141,-0.00288
0.2,0.05,0.03557,0.04015,-0.00458
0.2,0.075,0.05169,0.05694,-0.00525
0.2,0.1,0.06686,0.07212,-0.00526
0.2,0.125,0.0813,0.08585,-0.00455
0.2,0.15,0.09478,0.09816,-0.00338
0.2,0.175,0.10717,0.10969,-0.00251
0.2,0.2,0.11888,0.11976,-0.00089
0.2,0.225,0.12943,0.12901,0.00041
0.2,0.25,0.13949,0.13753,0.00197
0.2,0.275,0.14828,0.14547,0.00281
0.2,0.3,0.15624,0.15234,0.0039
0.2,0.325,0.16362,0.15833,0.00529
0.2,0.35,0.1699,0.16385,0.00605
0.2,0.375,0.17541,0.16862,0.00679
0.2,0.4,0.17985,0.173,0.00685
0.2,0.425,0.18361,0.17689,0.00673
0.2,0.45,0.18657,0.18002,0.00656
0.2,0.475,0.18908,0.18285,0.00623
0.2,0.5,0.19121,0.18543,0.00578
0.2,0.525,0.19289,0.18763,0.00526
0.2,0.55,0.19435,0.1895,0.00485
0.2,0.575,0.19559,0.19111,0.00448
0.2,0.6,0.19647,0.19243,0.00404
0.2,0.625,0.19719,0.1937,0.0035
0.2,0.65,0.19779,0.19478,0.00302
0.2,0.675,0.19825,0.19563,0.00261
0.2,0.7,0.19854,0.19643,0.00211
0.2,0.725,0.19891,0.19717,0.00175
0.2,0.75,0.19915,0.19761,0.00155
0.2,0.775,0.1993,0.19818,0.00112
0.2,0.8,0.19947,0.19856,0.00091
0.2,0.825,0.19962,0.19888,0.00074
0.2,0.85,0.19969,0.19916,0.00054
0.2,0.875,0.19975,0.1994,0.00034
0.2,0.9,0.19982,0.1996,0.00022
0.2,0.925,0.19986,0.19972,0.00014
0.2,0.95,0.19991,0.19981,9e-05
0.2,0.975,0.19994,0.19992,2e-05
0.225,0.025,0.01954,0.02202,-0.00249
0.225,0.05,0.03767,0.04168,-0.00401
0.225,0.075,0.05496,0.05969,-0.00473
0.225,0.1,0.07145,0.07622,-0.00477
0.225,0.125,0.08718,0.09126,-0.00408
0.225,0.15,0.10184,0.10494,-0.0031
0.225,0.175,0.11572,0.11787,-0.00215
0.225,0.2,0.12872,0.12927,-0.00055
0.225,0.225,0.14056,0.13978,0.00078
0.225,0.25,0.1519,0.14945,0.00244
0.225,0.275,0.16191,0.15858,0.00333
0.225,0.3,0.17107,0.16657,0.0045
0.225,0.325,0.17958,0.1737,0.00588
0.225,0.35,0.18691,0.18022,0.00669
0.225,0.375,0.19336,0.18598,0.00738
0.225,0.4,0.19867,0.19135,0.00732
0.225,0.425,0.20325,0.19607,0.00719
0.225,0.45,0.20698,0.19987,0.00711
0.225,0.475,0.21019,0.20335,0.00685
0.225,0.5,0.2129,0.20651,0.0064
0.225,0.525,0.21521,0.20916,0.00605
0.225,0.55,0.21712,0.21158,0.00553
0.225,0.575,0.21877,0.21354,0.00524
0.225,0.6,0.21997,0.21526,0.00471
0.225,0.625,0.22099,0.21688,0.00411
0.225,0.65,0.22181,0.21824,0.00356
0.225,0.675,0.22243,0.21931,0.00313
0.225,0.7,0.22287,0.2203,0.00258
0.225,0.725,0.22338,0.22119,0.00219
0.225,0.75,0.22372,0.22175,0.00197
0.225,0.775,0.22398,0.22246,0.00153
0.225,0.8,0.22423,0.22294,0.00129
0.225,0.825,0.22444,0.22335,0.00109
0.225,0.85,0.22458,0.22375,0.00082
0.225,0.875,0.22464,0.22407,0.00058
0.225,0.9,0.22476,0.22432,0.00044
0.225,0.925,0.22484,0.22448,0.00037
0.225,0.95,0.22489,0.2246,0.00029
0.225,0.975,0.22493,0.22475,0.00018
0.25,0.025,0.02043,0.02251,-0.00208
0.25,0.05,0.03954,0.0431,-0.00356
0.25,0.075,0.05791,0.06212,-0.00421
0.25,0.1,0.07546,0.07977,-0.00431
0.25,0.125,0.09228,0.09601,-0.00372
0.25,0.15,0.10806,0.11099,-0.00293
0.25,0.175,0.12316,0.12522,-0.00206
0.25,0.2,0.13737,0.13803,-0.00066
0.25,0.225,0.1504,0.1499,5e-04
0.25,0.25,0.16295,0.16074,0.00221
0.25,0.275,0.17405,0.17111,0.00294
0.25,0.3,0.18443,0.18019,0.00424
0.25,0.325,0.19412,0.1885,0.00562
0.25,0.35,0.20257,0.19611,0.00647
0.25,0.375,0.21002,0.20278,0.00724
0.25,0.4,0.21644,0.20914,0.00729
0.25,0.425,0.22202,0.2148,0.00722
0.25,0.45,0.22663,0.21943,0.0072
0.25,0.475,0.23072,0.22367,0.00706
0.25,0.5,0.23408,0.22751,0.00657
0.25,0.525,0.237,0.23076,0.00625
0.25,0.55,0.23933,0.23367,0.00566
0.25,0.575,0.24142,0.23609,0.00532
0.25,0.6,0.24294,0.23825,0.00469
0.25,0.625,0.24434,0.24025,0.00408
0.25,0.65,0.24544,0.24191,0.00353
0.25,0.675,0.24633,0.24329,0.00304
0.25,0.7,0.24698,0.24451,0.00247
0.25,0.725,0.24764,0.24561,0.00203
0.25,0.75,0.24814,0.24632,0.00182
0.25,0.775,0.24854,0.24716,0.00138
0.25,0.8,0.24886,0.24778,0.00108
0.25,0.825,0.24916,0.24829,0.00088
0.25,0.85,0.24937,0.24879,0.00058
0.25,0.875,0.24952,0.24914,0.00038
0.25,0.9,0.24968,0.24948,0.00021
0.25,0.925,0.2498,0.24971,9e-05
0.25,0.95,0.24986,0.24987,0
0.25,0.975,0.24991,0.25005,-0.00014
0.275,0.025,0.02116,0.02298,-0.00182
0.275,0.05,0.04124,0.04428,-0.00304
0.275,0.075,0.06054,0.06411,-0.00357
0.275,0.1,0.07905,0.08277,-0.00371
0.275,0.125,0.09684,0.10017,-0.00333
0.275,0.15,0.11372,0.11633,-0.0026
0.275,0.175,0.12989,0.13172,-0.00183
0.275,0.2,0.14506,0.1456,-0.00055
0.275,0.225,0.15923,0.15873,0.00051
0.275,0.25,0.17287,0.17076,0.0021
0.275,0.275,0.18523,0.18238,0.00286
0.275,0.3,0.19671,0.19268,0.00403
0.275,0.325,0.20745,0.20205,0.0054
0.275,0.35,0.21705,0.21076,0.00629
0.275,0.375,0.22552,0.21844,0.00708
0.275,0.4,0.233,0.22572,0.00728
0.275,0.425,0.23962,0.23218,0.00744
0.275,0.45,0.24512,0.23766,0.00746
0.275,0.475,0.25004,0.24264,0.0074
0.275,0.5,0.25422,0.24723,0.00699
0.275,0.525,0.25795,0.25104,0.00691
0.275,0.55,0.261,0.25455,0.00644
0.275,0.575,0.26364,0.25755,0.00608
0.275,0.6,0.26555,0.26021,0.00533
0.275,0.625,0.26727,0.26259,0.00468
0.275,0.65,0.26875,0.26463,0.00412
0.275,0.675,0.27006,0.26631,0.00375
0.275,0.7,0.27099,0.26779,0.00321
0.275,0.725,0.27188,0.26911,0.00277
0.275,0.75,0.27254,0.27007,0.00247
0.275,0.775,0.27306,0.27105,0.002
0.275,0.8,0.2735,0.27184,0.00166
0.275,0.825,0.27392,0.27245,0.00147
0.275,0.85,0.27422,0.27308,0.00115
0.275,0.875,0.27442,0.27352,9e-04
0.275,0.9,0.27463,0.27396,0.00067
0.275,0.925,0.27478,0.27426,0.00052
0.275,0.95,0.27488,0.27449,0.00039
0.275,0.975,0.27496,0.27469,0.00027
0.3,0.025,0.02174,0.02333,-0.0016
0.3,0.05,0.04249,0.04523,-0.00273
0.3,0.075,0.06258,0.06577,-0.00318
0.3,0.1,0.08196,0.0853,-0.00333
0.3,0.125,0.10061,0.10375,-0.00314
0.3,0.15,0.11847,0.12096,-0.00249
0.3,0.175,0.13572,0.1374,-0.00168
0.3,0.2,0.15192,0.15245,-0.00053
0.3,0.225,0.16713,0.16674,0.00039
0.3,0.25,0.18182,0.17992,0.0019
0.3,0.275,0.19524,0.19272,0.00252
0.3,0.3,0.20769,0.2042,0.00349
0.3,0.325,0.21959,0.21465,0.00494
0.3,0.35,0.23027,0.22451,0.00576
0.3,0.375,0.23978,0.23331,0.00647
0.3,0.4,0.24835,0.24166,0.00669
0.3,0.425,0.25604,0.24914,0.0069
0.3,0.45,0.26242,0.25551,0.00691
0.3,0.475,0.26825,0.26132,0.00692
0.3,0.5,0.27334,0.26663,0.00671
0.3,0.525,0.27775,0.27118,0.00657
0.3,0.55,0.28152,0.27524,0.00627
0.3,0.575,0.28492,0.27887,0.00605
0.3,0.6,0.28743,0.28204,0.00539
0.3,0.625,0.28964,0.28485,0.0048
0.3,0.65,0.29157,0.28729,0.00428
0.3,0.675,0.29332,0.28936,0.00395
0.3,0.7,0.29472,0.29115,0.00357
0.3,0.725,0.29587,0.29281,0.00306
0.3,0.75,0.29676,0.29403,0.00273
0.3,0.775,0.29749,0.29523,0.00226
0.3,0.8,0.29807,0.29618,0.00189
0.3,0.825,0.29862,0.29697,0.00164
0.3,0.85,0.29903,0.29773,0.0013
0.3,0.875,0.29932,0.29832,0.001
0.3,0.9,0.29959,0.29885,0.00074
0.3,0.925,0.29978,0.29926,0.00052
0.3,0.95,0.29993,0.29957,0.00036
0.3,0.975,0.30004,0.29983,0.00021
0.325,0.025,0.02219,0.02362,-0.00143
0.325,0.05,0.04346,0.04611,-0.00265
0.325,0.075,0.06426,0.06729,-0.00303
0.325,0.1,0.08439,0.08754,-0.00316
0.325,0.125,0.10371,0.10695,-0.00324
0.325,0.15,0.12246,0.12517,-0.00271
0.325,0.175,0.14061,0.14263,-0.00202
0.325,0.2,0.15778,0.15866,-0.00088
0.325,0.225,0.17396,0.17397,-1e-05
0.325,0.25,0.18965,0.18822,0.00143
0.325,0.275,0.2043,0.20202,0.00229
0.325,0.3,0.21782,0.21468,0.00313
0.325,0.325,0.23067,0.22629,0.00438
0.325,0.35,0.24253,0.23724,0.00529
0.325,0.375,0.25308,0.24704,0.00605
0.325,0.4,0.26282,0.2564,0.00642
0.325,0.425,0.27157,0.26488,0.0067
0.325,0.45,0.27895,0.27217,0.00678
0.325,0.475,0.28576,0.27896,0.00679
0.325,0.5,0.29176,0.28515,0.00661
0.325,0.525,0.29703,0.29044,0.00659
0.325,0.55,0.3016,0.29529,0.00631
0.325,0.575,0.30563,0.2996,0.00603
0.325,0.6,0.30882,0.30337,0.00545
0.325,0.625,0.31156,0.30667,0.00489
0.325,0.65,0.31393,0.30958,0.00435
0.325,0.675,0.31606,0.31213,0.00393
0.325,0.7,0.31785,0.3143,0.00354
0.325,0.725,0.31934,0.31624,0.0031
0.325,0.75,0.32053,0.31777,0.00275
0.325,0.775,0.32153,0.31921,0.00232
0.325,0.8,0.32228,0.32041,0.00187
0.325,0.825,0.32303,0.32145,0.00158
0.325,0.85,0.32359,0.32233,0.00126
0.325,0.875,0.32399,0.32306,0.00093
0.325,0.9,0.32433,0.3237,0.00063
0.325,0.925,0.32456,0.32418,0.00038
0.325,0.95,0.32474,0.32457,0.00017
0.325,0.975,0.32486,0.32487,0
0.35,0.025,0.02267,0.02391,-0.00124
0.35,0.05,0.0445,0.0468,-0.0023
0.35,0.075,0.06592,0.06854,-0.00261
0.35,0.1,0.08671,0.0895,-0.00279
0.35,0.125,0.10677,0.10969,-0.00293
0.35,0.15,0.12627,0.12877,-0.0025
0.35,0.175,0.1453,0.14712,-0.00182
0.35,0.2,0.16334,0.16416,-0.00082
0.35,0.225,0.18051,0.18057,-5e-05
0.35,0.25,0.1972,0.19597,0.00123
0.35,0.275,0.21275,0.21089,0.00186
0.35,0.3,0.22729,0.22459,0.0027
0.35,0.325,0.24113,0.23742,0.0037
0.35,0.35,0.25403,0.24942,0.00461
0.35,0.375,0.26575,0.26037,0.00539
0.35,0.4,0.27653,0.2707,0.00583
0.35,0.425,0.2864,0.2802,0.00619
0.35,0.45,0.29482,0.28846,0.00636
0.35,0.475,0.30272,0.296,0.00672
0.35,0.5,0.30968,0.30307,0.00661
0.35,0.525,0.31577,0.30908,0.00669
0.35,0.55,0.32119,0.31472,0.00648
0.35,0.575,0.32593,0.31968,0.00624
0.35,0.6,0.32991,0.32409,0.00583
0.35,0.625,0.33329,0.32794,0.00536
0.35,0.65,0.33615,0.33143,0.00472
0.35,0.675,0.33872,0.33438,0.00433
0.35,0.7,0.34097,0.33683,0.00414
0.35,0.725,0.34281,0.33916,0.00365
0.35,0.75,0.34434,0.34101,0.00333
0.35,0.775,0.34562,0.34271,0.00292
0.35,0.8,0.34662,0.34417,0.00245
0.35,0.825,0.34753,0.34546,0.00207
0.35,0.85,0.34827,0.34648,0.00178
0.35,0.875,0.3488,0.34737,0.00142
0.35,0.9,0.34927,0.34817,0.0011
0.35,0.925,0.34962,0.34879,0.00083
0.35,0.95,0.34984,0.34928,0.00055
0.35,0.975,0.34998,0.34965,0.00033
0.375,0.025,0.02309,0.02411,-0.00103
0.375,0.05,0.04542,0.04733,-0.00192
0.375,0.075,0.06737,0.06959,-0.00221
0.375,0.1,0.08883,0.09126,-0.00244
0.375,0.125,0.10945,0.11218,-0.00273
0.375,0.15,0.12954,0.13207,-0.00253
0.375,0.175,0.14927,0.15125,-0.00198
0.375,0.2,0.16801,0.16927,-0.00126
0.375,0.225,0.18602,0.18671,-0.00069
0.375,0.25,0.2035,0.20323,0.00027
0.375,0.275,0.22,0.21922,0.00078
0.375,0.3,0.23545,0.23411,0.00134
0.375,0.325,0.25033,0.24812,0.00221
0.375,0.35,0.26426,0.26115,0.00311
0.375,0.375,0.27701,0.27316,0.00385
0.375,0.4,0.28891,0.28463,0.00428
0.375,0.425,0.29987,0.29511,0.00476
0.375,0.45,0.30935,0.30435,0.005
0.375,0.475,0.31828,0.31277,0.00551
0.375,0.5,0.3263,0.32073,0.00557
0.375,0.525,0.33342,0.32744,0.00598
0.375,0.55,0.33977,0.33397,0.00581
0.375,0.575,0.34536,0.33963,0.00574
0.375,0.6,0.35009,0.34465,0.00545
0.375,0.625,0.35412,0.34911,0.00501
0.375,0.65,0.35755,0.35315,0.0044
0.375,0.675,0.36075,0.35654,0.00421
0.375,0.7,0.36347,0.35935,0.00412
0.375,0.725,0.36583,0.36207,0.00376
0.375,0.75,0.36765,0.3643,0.00335
0.375,0.775,0.36926,0.36625,0.00301
0.375,0.8,0.37052,0.36798,0.00254
0.375,0.825,0.37168,0.3695,0.00218
0.375,0.85,0.37257,0.37074,0.00183
0.375,0.875,0.37323,0.37183,0.0014
0.375,0.9,0.37385,0.37281,0.00104
0.375,0.925,0.37431,0.37354,0.00078
0.375,0.95,0.37463,0.37413,5e-04
0.375,0.975,0.37481,0.37458,0.00024
0.4,0.025,0.02335,0.02427,-0.00091
0.4,0.05,0.04605,0.04786,-0.0018
0.4,0.075,0.06848,0.07061,-0.00213
0.4,0.1,0.0904,0.0928,-0.00239
0.4,0.125,0.11163,0.11438,-0.00275
0.4,0.15,0.13231,0.13512,-0.0028
0.4,0.175,0.15271,0.15503,-0.00232
0.4,0.2,0.17214,0.1739,-0.00176
0.4,0.225,0.19087,0.19228,-0.00141
0.4,0.25,0.20928,0.20985,-0.00058
0.4,0.275,0.22673,0.22682,-9e-05
0.4,0.3,0.243,0.24267,0.00033
0.4,0.325,0.25891,0.25768,0.00124
0.4,0.35,0.27378,0.27176,0.00202
0.4,0.375,0.28757,0.28482,0.00274
0.4,0.4,0.30045,0.29738,0.00307
0.4,0.425,0.31245,0.30887,0.00358
0.4,0.45,0.32307,0.31916,0.00391
0.4,0.475,0.333,0.32865,0.00435
0.4,0.5,0.34212,0.33761,0.00451
0.4,0.525,0.3503,0.34521,0.00509
0.4,0.55,0.35753,0.35261,0.00492
0.4,0.575,0.36408,0.35907,0.00501
0.4,0.6,0.36963,0.36482,0.00481
0.4,0.625,0.3743,0.36992,0.00438
0.4,0.65,0.37847,0.37446,0.00401
0.4,0.675,0.38229,0.37839,0.0039
0.4,0.7,0.38555,0.38169,0.00386
0.4,0.725,0.38848,0.38483,0.00366
0.4,0.75,0.39077,0.38746,0.00331
0.4,0.775,0.39272,0.38975,0.00297
0.4,0.8,0.39435,0.3918,0.00255
0.4,0.825,0.39583,0.39356,0.00226
0.4,0.85,0.39697,0.39505,0.00192
0.4,0.875,0.39785,0.39631,0.00154
0.4,0.9,0.39866,0.39751,0.00115
0.4,0.925,0.39926,0.39834,0.00092
0.4,0.95,0.39969,0.39906,0.00063
0.4,0.975,0.39993,0.39963,3e-04
0.425,0.025,0.02363,0.02443,-8e-04
0.425,0.05,0.04671,0.04833,-0.00162
0.425,0.075,0.06948,0.07147,-0.00199
0.425,0.1,0.09185,0.09403,-0.00218
0.425,0.125,0.1135,0.11614,-0.00263
0.425,0.15,0.13472,0.13753,-0.00281
0.425,0.175,0.15568,0.15822,-0.00254
0.425,0.2,0.17586,0.17786,-0.002
0.425,0.225,0.19531,0.19711,-0.00181
0.425,0.25,0.21438,0.21564,-0.00126
0.425,0.275,0.23282,0.23355,-0.00074
0.425,0.3,0.24998,0.25035,-0.00037
0.425,0.325,0.26681,0.26645,0.00037
0.425,0.35,0.28267,0.28149,0.00118
0.425,0.375,0.29743,0.29572,0.00171
0.425,0.4,0.31132,0.30938,0.00194
0.425,0.425,0.32431,0.32188,0.00243
0.425,0.45,0.33613,0.33315,0.00298
0.425,0.475,0.3471,0.34365,0.00345
0.425,0.5,0.35715,0.35359,0.00356
0.425,0.525,0.3662,0.36211,0.00409
0.425,0.55,0.37443,0.37033,0.00409
0.425,0.575,0.38185,0.37763,0.00421
0.425,0.6,0.38835,0.38418,0.00417
0.425,0.625,0.39387,0.39003,0.00384
0.425,0.65,0.39876,0.39531,0.00346
0.425,0.675,0.40334,0.39987,0.00347
0.425,0.7,0.4072,0.40363,0.00357
0.425,0.725,0.41067,0.4073,0.00337
0.425,0.75,0.41349,0.4103,0.00318
0.425,0.775,0.41588,0.41296,0.00293
0.425,0.8,0.4179,0.41538,0.00251
0.425,0.825,0.41969,0.41745,0.00224
0.425,0.85,0.42115,0.41921,0.00193
0.425,0.875,0.42223,0.42064,0.00159
0.425,0.9,0.42319,0.42205,0.00114
0.425,0.925,0.42389,0.42307,0.00082
0.425,0.95,0.42443,0.42388,0.00055
0.425,0.975,0.42471,0.42459,0.00012
0.45,0.025,0.02387,0.02453,-0.00066
0.45,0.05,0.04729,0.04863,-0.00134
0.45,0.075,0.07035,0.07212,-0.00177
0.45,0.1,0.09314,0.09512,-0.00198
0.45,0.125,0.11519,0.11767,-0.00247
0.45,0.15,0.13685,0.13972,-0.00287
0.45,0.175,0.1583,0.16109,-0.00279
0.45,0.2,0.17915,0.18146,-0.00231
0.45,0.225,0.1993,0.20142,-0.00212
0.45,0.25,0.21909,0.22077,-0.00168
0.45,0.275,0.23827,0.23952,-0.00125
0.45,0.3,0.25619,0.2573,-0.00111
0.45,0.325,0.27386,0.27439,-0.00053
0.45,0.35,0.2906,0.29036,0.00024
0.45,0.375,0.30641,0.30557,0.00084
0.45,0.4,0.32136,0.32028,0.00108
0.45,0.425,0.33532,0.33384,0.00148
0.45,0.45,0.34815,0.34625,0.0019
0.45,0.475,0.36006,0.35784,0.00222
0.45,0.5,0.37131,0.3688,0.00251
0.45,0.525,0.38132,0.37834,0.00299
0.45,0.55,0.39069,0.3875,0.00319
0.45,0.575,0.39914,0.39571,0.00343
0.45,0.6,0.40658,0.40301,0.00356
0.45,0.625,0.41299,0.40961,0.00339
0.45,0.65,0.41895,0.41555,0.0034
0.45,0.675,0.42435,0.42071,0.00364
0.45,0.7,0.42888,0.42506,0.00382
0.45,0.725,0.43296,0.42931,0.00365
0.45,0.75,0.43626,0.43272,0.00354
0.45,0.775,0.43921,0.43584,0.00337
0.45,0.8,0.44166,0.4386,0.00307
0.45,0.825,0.44388,0.44107,0.00281
0.45,0.85,0.44568,0.44317,0.00251
0.45,0.875,0.44698,0.44493,0.00205
0.45,0.9,0.44816,0.44655,0.0016
0.45,0.925,0.44897,0.44775,0.00122
0.45,0.95,0.44963,0.44872,9e-04
0.45,0.975,0.45001,0.4496,0.00041
0.475,0.025,0.02406,0.02461,-0.00055
0.475,0.05,0.04766,0.04886,-0.0012
0.475,0.075,0.07103,0.07267,-0.00163
0.475,0.1,0.0942,0.09609,-0.00189
0.475,0.125,0.11663,0.119,-0.00237
0.475,0.15,0.13881,0.14149,-0.00269
0.475,0.175,0.16069,0.16336,-0.00267
0.475,0.2,0.18211,0.18449,-0.00238
0.475,0.225,0.20278,0.20528,-0.0025
0.475,0.25,0.22314,0.22538,-0.00225
0.475,0.275,0.24297,0.24492,-0.00194
0.475,0.3,0.26165,0.26355,-0.0019
0.475,0.325,0.28017,0.28152,-0.00135
0.475,0.35,0.29767,0.29856,-0.00089
0.475,0.375,0.3144,0.31488,-0.00047
0.475,0.4,0.33028,0.33068,-4e-04
0.475,0.425,0.34524,0.34526,-2e-05
0.475,0.45,0.3591,0.35874,0.00037
0.475,0.475,0.3721,0.37138,0.00072
0.475,0.5,0.38458,0.38328,0.0013
0.475,0.525,0.39561,0.39383,0.00177
0.475,0.55,0.40586,0.40388,0.00198
0.475,0.575,0.41517,0.41295,0.00222
0.475,0.6,0.42357,0.42109,0.00248
0.475,0.625,0.43096,0.42841,0.00255
0.475,0.65,0.43786,0.43508,0.00278
0.475,0.675,0.44403,0.44095,0.00308
0.475,0.7,0.44931,0.44601,0.0033
0.475,0.725,0.45413,0.4508,0.00333
0.475,0.75,0.45805,0.45472,0.00333
0.475,0.775,0.46153,0.45829,0.00324
0.475,0.8,0.46452,0.46154,0.00298
0.475,0.825,0.4672,0.46433,0.00288
0.475,0.85,0.46947,0.46675,0.00272
0.475,0.875,0.47111,0.46888,0.00223
0.475,0.9,0.47252,0.47074,0.00178
0.475,0.925,0.47356,0.47218,0.00138
0.475,0.95,0.47436,0.47333,0.00103
0.475,0.975,0.47483,0.47437,0.00046
0.5,0.025,0.02417,0.02473,-0.00057
0.5,0.05,0.04796,0.04913,-0.00117
0.5,0.075,0.07157,0.07317,-0.00161
0.5,0.1,0.09496,0.09688,-0.00192
0.5,0.125,0.11771,0.12014,-0.00243
0.5,0.15,0.14027,0.14309,-0.00282
0.5,0.175,0.16248,0.16545,-0.00296
0.5,0.2,0.18434,0.18721,-0.00288
0.5,0.225,0.20549,0.20875,-0.00326
0.5,0.25,0.2264,0.22958,-0.00317
0.5,0.275,0.247,0.24989,-0.00289
0.5,0.3,0.26654,0.26933,-0.00279
0.5,0.325,0.2858,0.28819,-0.0024
0.5,0.35,0.30418,0.30615,-0.00197
0.5,0.375,0.32177,0.32336,-0.00158
0.5,0.4,0.3386,0.34009,-0.00149
0.5,0.425,0.35456,0.35572,-0.00116
0.5,0.45,0.36941,0.37018,-0.00077
0.5,0.475,0.38344,0.38388,-0.00043
0.5,0.5,0.39687,0.39685,2e-05
0.5,0.525,0.40892,0.4084,0.00052
0.5,0.55,0.42026,0.41938,0.00088
0.5,0.575,0.43069,0.42952,0.00117
0.5,0.6,0.43999,0.43853,0.00146
0.5,0.625,0.44834,0.44668,0.00166
0.5,0.65,0.4561,0.45409,0.00201
0.5,0.675,0.4631,0.46071,0.00238
0.5,0.7,0.46931,0.46656,0.00275
0.5,0.725,0.47496,0.47199,0.00297
0.5,0.75,0.47953,0.47644,0.00309
0.5,0.775,0.48368,0.48055,0.00313
0.5,0.8,0.48724,0.48429,0.00295
0.5,0.825,0.49042,0.48756,0.00286
0.5,0.85,0.4931,0.49033,0.00277
0.5,0.875,0.49511,0.49277,0.00234
0.5,0.9,0.49685,0.49495,0.0019
0.5,0.925,0.49817,0.4966,0.00156
0.5,0.95,0.49913,0.49795,0.00118
0.5,0.975,0.49973,0.49917,0.00056
0.525,0.025,0.02431,0.02479,-0.00048
0.525,0.05,0.04828,0.0493,-0.00102
0.525,0.075,0.07209,0.07351,-0.00143
0.525,0.1,0.0957,0.0975,-0.0018
0.525,0.125,0.11876,0.12108,-0.00232
0.525,0.15,0.14162,0.14441,-0.00278
0.525,0.175,0.16419,0.16718,-0.00299
0.525,0.2,0.18652,0.18944,-0.00292
0.525,0.225,0.20817,0.21155,-0.00338
0.525,0.25,0.22962,0.23304,-0.00342
0.525,0.275,0.25075,0.254,-0.00325
0.525,0.3,0.27093,0.27427,-0.00334
0.525,0.325,0.29097,0.29407,-0.0031
0.525,0.35,0.31011,0.31286,-0.00275
0.525,0.375,0.32845,0.33092,-0.00247
0.525,0.4,0.3461,0.34861,-0.00252
0.525,0.425,0.36293,0.36514,-0.00221
0.525,0.45,0.37884,0.38072,-0.00188
0.525,0.475,0.39381,0.3955,-0.00169
0.525,0.5,0.40824,0.4095,-0.00126
0.525,0.525,0.42137,0.422,-0.00064
0.525,0.55,0.43376,0.43402,-0.00026
0.525,0.575,0.44517,0.44514,3e-05
0.525,0.6,0.45552,0.45516,0.00036
0.525,0.625,0.4648,0.46425,0.00055
0.525,0.65,0.47344,0.47252,0.00092
0.525,0.675,0.48137,0.48003,0.00133
0.525,0.7,0.48847,0.48661,0.00185
0.525,0.725,0.49493,0.4929,0.00202
0.525,0.75,0.50028,0.49812,0.00216
0.525,0.775,0.50515,0.50279,0.00236
0.525,0.8,0.50946,0.50701,0.00245
0.525,0.825,0.51327,0.51072,0.00256
0.525,0.85,0.51644,0.51381,0.00263
0.525,0.875,0.51891,0.51663,0.00228
0.525,0.9,0.521,0.51914,0.00186
0.525,0.925,0.5226,0.52101,0.00159
0.525,0.95,0.52381,0.5226,0.00121
0.525,0.975,0.52454,0.52401,0.00053
0.55,0.025,0.02443,0.02483,-4e-04
0.55,0.05,0.04857,0.04944,-0.00087
0.55,0.075,0.07255,0.07379,-0.00124
0.55,0.1,0.0964,0.098,-0.0016
0.55,0.125,0.11971,0.12183,-0.00211
0.55,0.15,0.14294,0.14549,-0.00254
0.55,0.175,0.16583,0.16873,-0.0029
0.55,0.2,0.18848,0.19145,-0.00297
0.55,0.225,0.21061,0.21409,-0.00348
0.55,0.25,0.23252,0.23612,-0.0036
0.55,0.275,0.25416,0.2577,-0.00354
0.55,0.3,0.27488,0.27872,-0.00384
0.55,0.325,0.29563,0.29926,-0.00363
0.55,0.35,0.31548,0.31882,-0.00334
0.55,0.375,0.33454,0.33783,-0.00329
0.55,0.4,0.35292,0.3565,-0.00358
0.55,0.425,0.37059,0.37399,-0.00339
0.55,0.45,0.38736,0.39042,-0.00306
0.55,0.475,0.40322,0.40609,-0.00288
0.55,0.5,0.41866,0.4211,-0.00244
0.55,0.525,0.43273,0.43483,-0.00211
0.55,0.55,0.44617,0.44794,-0.00177
0.55,0.575,0.45865,0.46009,-0.00144
0.55,0.6,0.47001,0.47111,-0.00109
0.55,0.625,0.4804,0.48113,-0.00073
0.55,0.65,0.49014,0.49032,-0.00018
0.55,0.675,0.49914,0.4986,0.00054
0.55,0.7,0.50712,0.50602,0.00109
0.55,0.725,0.51443,0.51307,0.00135
0.55,0.75,0.52056,0.51895,0.00162
0.55,0.775,0.52618,0.52418,0.002
0.55,0.8,0.53133,0.52892,0.0024
0.55,0.825,0.5359,0.53319,0.0027
0.55,0.85,0.53956,0.53673,0.00283
0.55,0.875,0.54247,0.54006,0.00241
0.55,0.9,0.54493,0.54294,0.00199
0.55,0.925,0.54696,0.5452,0.00176
0.55,0.95,0.54847,0.54709,0.00138
0.55,0.975,0.54936,0.54869,0.00067
0.575,0.025,0.02453,0.02487,-0.00035
0.575,0.05,0.04883,0.04958,-0.00075
0.575,0.075,0.07297,0.07405,-0.00108
0.575,0.1,0.097,0.09837,-0.00138
0.575,0.125,0.12053,0.12242,-0.00189
0.575,0.15,0.14409,0.14629,-0.00221
0.575,0.175,0.16731,0.16988,-0.00257
0.575,0.2,0.19036,0.19302,-0.00266
0.575,0.225,0.21283,0.21611,-0.00328
0.575,0.25,0.2352,0.23868,-0.00348
0.575,0.275,0.25725,0.26076,-0.0035
0.575,0.3,0.27855,0.28237,-0.00382
0.575,0.325,0.29989,0.30359,-0.0037
0.575,0.35,0.32034,0.32397,-0.00363
0.575,0.375,0.34006,0.34406,-0.00399
0.575,0.4,0.35918,0.36361,-0.00443
0.575,0.425,0.37761,0.38203,-0.00442
0.575,0.45,0.3953,0.3995,-0.0042
0.575,0.475,0.41209,0.41631,-0.00421
0.575,0.5,0.42855,0.43228,-0.00373
0.575,0.525,0.44363,0.44721,-0.00358
0.575,0.55,0.45817,0.46126,-0.00309
0.575,0.575,0.47179,0.47442,-0.00263
0.575,0.6,0.48421,0.48641,-0.0022
0.575,0.625,0.49565,0.49748,-0.00184
0.575,0.65,0.50638,0.50773,-0.00135
0.575,0.675,0.51629,0.51688,-0.00059
0.575,0.7,0.52527,0.52515,0.00012
0.575,0.725,0.53356,0.53295,6e-04
0.575,0.75,0.54054,0.53957,0.00096
0.575,0.775,0.54698,0.54552,0.00146
0.575,0.8,0.55282,0.55097,0.00185
0.575,0.825,0.55812,0.55591,0.00221
0.575,0.85,0.56247,0.55994,0.00254
0.575,0.875,0.56604,0.56371,0.00233
0.575,0.9,0.56894,0.56699,0.00195
0.575,0.925,0.5714,0.56967,0.00174
0.575,0.95,0.57327,0.57186,0.00141
0.575,0.975,0.57436,0.57379,0.00058
0.6,0.025,0.02462,0.02489,-0.00027
0.6,0.05,0.04907,0.04964,-0.00058
0.6,0.075,0.0733,0.07423,-0.00093
0.6,0.1,0.09751,0.09865,-0.00113
0.6,0.125,0.12125,0.12284,-0.00159
0.6,0.15,0.14498,0.14692,-0.00194
0.6,0.175,0.16848,0.17081,-0.00233
0.6,0.2,0.19184,0.19428,-0.00244
0.6,0.225,0.21468,0.21775,-0.00307
0.6,0.25,0.23741,0.24077,-0.00336
0.6,0.275,0.25983,0.26337,-0.00354
0.6,0.3,0.28167,0.28552,-0.00386
0.6,0.325,0.30347,0.30734,-0.00387
0.6,0.35,0.32455,0.32848,-0.00394
0.6,0.375,0.34501,0.34931,-0.00429
0.6,0.4,0.36488,0.36969,-0.00481
0.6,0.425,0.38411,0.38907,-0.00496
0.6,0.45,0.40263,0.40741,-0.00477
0.6,0.475,0.42025,0.42521,-0.00496
0.6,0.5,0.43763,0.44206,-0.00443
0.6,0.525,0.45369,0.45791,-0.00422
0.6,0.55,0.46923,0.473,-0.00377
0.6,0.575,0.48384,0.48736,-0.00353
0.6,0.6,0.49727,0.50034,-0.00307
0.6,0.625,0.50981,0.51243,-0.00261
0.6,0.65,0.5217,0.52365,-0.00194
0.6,0.675,0.53258,0.53379,-0.00121
0.6,0.7,0.54264,0.54298,-0.00033
0.6,0.725,0.55189,0.55168,0.00021
0.6,0.75,0.55981,0.55928,0.00053
0.6,0.775,0.5672,0.56589,0.00132
0.6,0.8,0.57392,0.57206,0.00186
0.6,0.825,0.58,0.57775,0.00225
0.6,0.85,0.58512,0.58233,0.00279
0.6,0.875,0.58935,0.58664,0.00271
0.6,0.9,0.59276,0.59035,0.00241
0.6,0.925,0.5956,0.59347,0.00213
0.6,0.95,0.59786,0.596,0.00185
0.6,0.975,0.59925,0.59831,0.00094
0.625,0.025,0.02469,0.02492,-0.00023
0.625,0.05,0.04925,0.04973,-0.00047
0.625,0.075,0.07361,0.07442,-0.00081
0.625,0.1,0.09793,0.09898,-0.00105
0.625,0.125,0.12189,0.12336,-0.00148
0.625,0.15,0.14579,0.14766,-0.00187
0.625,0.175,0.16954,0.17181,-0.00227
0.625,0.2,0.19313,0.19559,-0.00246
0.625,0.225,0.2163,0.21943,-0.00313
0.625,0.25,0.23937,0.24279,-0.00342
0.625,0.275,0.26219,0.26586,-0.00367
0.625,0.3,0.28444,0.28859,-0.00414
0.625,0.325,0.30673,0.31094,-0.00421
0.625,0.35,0.32835,0.3327,-0.00435
0.625,0.375,0.34932,0.35428,-0.00495
0.625,0.4,0.36983,0.3753,-0.00547
0.625,0.425,0.38979,0.39549,-0.00571
0.625,0.45,0.40911,0.41479,-0.00568
0.625,0.475,0.4276,0.43347,-0.00587
0.625,0.5,0.44587,0.45137,-0.00551
0.625,0.525,0.46293,0.46834,-0.0054
0.625,0.55,0.47955,0.48443,-0.00488
0.625,0.575,0.49519,0.49992,-0.00473
0.625,0.6,0.50964,0.51394,-0.0043
0.625,0.625,0.52327,0.52701,-0.00374
0.625,0.65,0.5362,0.53927,-0.00306
0.625,0.675,0.54814,0.55035,-0.00221
0.625,0.7,0.5592,0.56056,-0.00136
0.625,0.725,0.5694,0.57009,-0.00068
0.625,0.75,0.5783,0.57864,-0.00034
0.625,0.775,0.58675,0.58618,0.00057
0.625,0.8,0.59441,0.59306,0.00134
0.625,0.825,0.60134,0.59945,0.00189
0.625,0.85,0.60719,0.6047,0.00249
0.625,0.875,0.61226,0.60961,0.00266
0.625,0.9,0.61634,0.61391,0.00243
0.625,0.925,0.61969,0.61751,0.00219
0.625,0.95,0.62245,0.62051,0.00194
0.625,0.975,0.62422,0.62319,0.00103
0.65,0.025,0.02472,0.02493,-0.00021
0.65,0.05,0.04937,0.04977,-0.00041
0.65,0.075,0.07382,0.07456,-0.00074
0.65,0.1,0.09826,0.09925,-0.00099
0.65,0.125,0.12239,0.12377,-0.00138
0.65,0.15,0.14649,0.1482,-0.00171
0.65,0.175,0.17046,0.1725,-0.00205
0.65,0.2,0.19428,0.19653,-0.00225
0.65,0.225,0.21771,0.22064,-0.00292
0.65,0.25,0.24103,0.24432,-0.00329
0.65,0.275,0.26425,0.26768,-0.00343
0.65,0.3,0.28688,0.29093,-0.00405
0.65,0.325,0.30954,0.31375,-0.00421
0.65,0.35,0.3316,0.33614,-0.00455
0.65,0.375,0.35311,0.35829,-0.00519
0.65,0.4,0.37422,0.37996,-0.00573
0.65,0.425,0.3948,0.4009,-0.0061
0.65,0.45,0.41481,0.42105,-0.00624
0.65,0.475,0.43419,0.44066,-0.00647
0.65,0.5,0.45317,0.4596,-0.00643
0.65,0.525,0.47112,0.47762,-0.0065
0.65,0.55,0.48861,0.49474,-0.00613
0.65,0.575,0.50525,0.51129,-0.00605
0.65,0.6,0.52067,0.5264,-0.00573
0.65,0.625,0.53545,0.5406,-0.00515
0.65,0.65,0.54943,0.55388,-0.00444
0.65,0.675,0.5624,0.56599,-0.00359
0.65,0.7,0.57464,0.57725,-0.00261
0.65,0.725,0.58603,0.58768,-0.00164
0.65,0.75,0.596,0.59719,-0.00118
0.65,0.775,0.60556,0.60552,5e-05
0.65,0.8,0.61426,0.61324,0.00103
0.65,0.825,0.62217,0.62032,0.00184
0.65,0.85,0.62885,0.62628,0.00258
0.65,0.875,0.63473,0.63176,0.00297
0.65,0.9,0.63954,0.63664,0.0029
0.65,0.925,0.6436,0.6409,0.0027
0.65,0.95,0.64688,0.64443,0.00244
0.65,0.975,0.64897,0.64762,0.00136
0.675,0.025,0.0248,0.02494,-0.00015
0.675,0.05,0.04952,0.04981,-3e-04
0.675,0.075,0.07408,0.07464,-0.00056
0.675,0.1,0.09864,0.09943,-0.00079
0.675,0.125,0.12294,0.12409,-0.00115
0.675,0.15,0.1472,0.14866,-0.00146
0.675,0.175,0.1713,0.17313,-0.00183
0.675,0.2,0.19538,0.19733,-0.00194
0.675,0.225,0.21908,0.22168,-0.00259
0.675,0.25,0.24266,0.24564,-0.00298
0.675,0.275,0.26619,0.26934,-0.00315
0.675,0.3,0.28922,0.29294,-0.00372
0.675,0.325,0.31215,0.31623,-0.00408
0.675,0.35,0.3346,0.33906,-0.00446
0.675,0.375,0.3567,0.36169,-0.00499
0.675,0.4,0.37837,0.384,-0.00562
0.675,0.425,0.39957,0.40573,-0.00616
0.675,0.45,0.42025,0.42659,-0.00634
0.675,0.475,0.44041,0.44706,-0.00664
0.675,0.5,0.46011,0.46681,-0.0067
0.675,0.525,0.47894,0.48579,-0.00685
0.675,0.55,0.49719,0.504,-0.00681
0.675,0.575,0.51478,0.5216,-0.00682
0.675,0.6,0.53123,0.53783,-0.0066
0.675,0.625,0.54699,0.55306,-0.00606
0.675,0.65,0.56211,0.56751,-0.00539
0.675,0.675,0.57612,0.58066,-0.00453
0.675,0.7,0.5896,0.59291,-0.00331
0.675,0.725,0.60202,0.60436,-0.00234
0.675,0.75,0.61311,0.61477,-0.00165
0.675,0.775,0.62383,0.6241,-0.00027
0.675,0.8,0.63362,0.63281,0.00081
0.675,0.825,0.64253,0.64076,0.00177
0.675,0.85,0.65011,0.6476,0.00251
0.675,0.875,0.65685,0.65384,0.00301
0.675,0.9,0.66245,0.65945,0.003
0.675,0.925,0.66722,0.66437,0.00285
0.675,0.95,0.67104,0.66852,0.00252
0.675,0.975,0.67355,0.67227,0.00128
0.7,0.025,0.02484,0.02495,-0.00011
0.7,0.05,0.04959,0.04983,-0.00024
0.7,0.075,0.07424,0.07469,-0.00046
0.7,0.1,0.09888,0.09953,-0.00065
0.7,0.125,0.12328,0.12426,-0.00097
0.7,0.15,0.14768,0.14893,-0.00125
0.7,0.175,0.17191,0.17355,-0.00164
0.7,0.2,0.19624,0.19795,-0.00171
0.7,0.225,0.22018,0.22247,-0.00229
0.7,0.25,0.244,0.24671,-0.00271
0.7,0.275,0.26783,0.2707,-0.00287
0.7,0.3,0.29115,0.29465,-0.0035
0.7,0.325,0.31446,0.31832,-0.00386
0.7,0.35,0.33739,0.34153,-0.00414
0.7,0.375,0.35996,0.36461,-0.00465
0.7,0.4,0.38211,0.38744,-0.00532
0.7,0.425,0.40393,0.40985,-0.00592
0.7,0.45,0.42528,0.43134,-0.00606
0.7,0.475,0.44624,0.45261,-0.00637
0.7,0.5,0.46667,0.47322,-0.00656
0.7,0.525,0.48638,0.49311,-0.00672
0.7,0.55,0.5056,0.5123,-0.0067
0.7,0.575,0.52412,0.5309,-0.00678
0.7,0.6,0.54157,0.54819,-0.00662
0.7,0.625,0.55834,0.56459,-0.00624
0.7,0.65,0.57447,0.58008,-0.00561
0.7,0.675,0.58957,0.59441,-0.00484
0.7,0.7,0.60419,0.60762,-0.00342
0.7,0.725,0.6178,0.62013,-0.00233
0.7,0.75,0.62989,0.63177,-0.00188
0.7,0.775,0.64168,0.6421,-0.00042
0.7,0.8,0.65249,0.65178,0.00071
0.7,0.825,0.66238,0.6607,0.00168
0.7,0.85,0.67098,0.66844,0.00254
0.7,0.875,0.67873,0.67557,0.00317
0.7,0.9,0.68528,0.68186,0.00342
0.7,0.925,0.69078,0.68753,0.00325
0.7,0.95,0.69524,0.69239,0.00286
0.7,0.975,0.69834,0.69664,0.0017
0.725,0.025,0.02488,0.02495,-7e-05
0.725,0.05,0.04969,0.04986,-0.00017
0.725,0.075,0.07442,0.07476,-0.00035
0.725,0.1,0.09916,0.09964,-0.00048
0.725,0.125,0.12366,0.12443,-0.00078
0.725,0.15,0.14821,0.1492,-0.00099
0.725,0.175,0.17256,0.17393,-0.00137
0.725,0.2,0.19708,0.19846,-0.00138
0.725,0.225,0.22118,0.22311,-0.00193
0.725,0.25,0.24522,0.24756,-0.00234
0.725,0.275,0.26932,0.27179,-0.00248
0.725,0.3,0.29296,0.29599,-0.00303
0.725,0.325,0.31658,0.32013,-0.00355
0.725,0.35,0.33991,0.34378,-0.00387
0.725,0.375,0.36288,0.36732,-0.00443
0.725,0.4,0.38547,0.39063,-0.00516
0.725,0.425,0.40779,0.41365,-0.00586
0.725,0.45,0.42977,0.4359,-0.00613
0.725,0.475,0.45127,0.45788,-0.00661
0.725,0.5,0.47244,0.47917,-0.00673
0.725,0.525,0.49288,0.49998,-0.0071
0.725,0.55,0.51293,0.52008,-0.00715
0.725,0.575,0.53234,0.53956,-0.00722
0.725,0.6,0.55081,0.55791,-0.00711
0.725,0.625,0.56867,0.5754,-0.00674
0.725,0.65,0.5859,0.59194,-0.00604
0.725,0.675,0.60214,0.60735,-0.00521
0.725,0.7,0.61785,0.62171,-0.00386
0.725,0.725,0.63264,0.6352,-0.00256
0.725,0.75,0.64592,0.64789,-0.00198
0.725,0.775,0.65884,0.65928,-0.00043
0.725,0.8,0.67082,0.66999,0.00083
0.725,0.825,0.68189,0.67995,0.00193
0.725,0.85,0.69153,0.68877,0.00276
0.725,0.875,0.70033,0.69687,0.00346
0.725,0.9,0.70793,0.70402,0.00391
0.725,0.925,0.7143,0.71056,0.00374
0.725,0.95,0.71948,0.71621,0.00327
0.725,0.975,0.72317,0.72114,0.00202
0.75,0.025,0.02489,0.02497,-8e-05
0.75,0.05,0.04972,0.04991,-0.00019
0.75,0.075,0.07452,0.07486,-0.00034
0.75,0.1,0.09933,0.09977,-0.00044
0.75,0.125,0.12393,0.12461,-0.00067
0.75,0.15,0.14857,0.14942,-0.00084
0.75,0.175,0.17305,0.17424,-0.00119
0.75,0.2,0.19767,0.19889,-0.00122
0.75,0.225,0.22194,0.22366,-0.00172
0.75,0.25,0.24611,0.24823,-0.00212
0.75,0.275,0.27046,0.27262,-0.00216
0.75,0.3,0.29434,0.29705,-0.00272
0.75,0.325,0.31821,0.32147,-0.00326
0.75,0.35,0.34184,0.34555,-0.0037
0.75,0.375,0.36519,0.36945,-0.00426
0.75,0.4,0.38816,0.3931,-0.00494
0.75,0.425,0.41098,0.4165,-0.00552
0.75,0.45,0.43354,0.4393,-0.00576
0.75,0.475,0.45564,0.46201,-0.00637
0.75,0.5,0.47738,0.48411,-0.00673
0.75,0.525,0.49856,0.50573,-0.00718
0.75,0.55,0.51935,0.52665,-0.0073
0.75,0.575,0.53961,0.54703,-0.00742
0.75,0.6,0.55888,0.56642,-0.00754
0.75,0.625,0.57766,0.58498,-0.00732
0.75,0.65,0.5959,0.60254,-0.00664
0.75,0.675,0.61325,0.61909,-0.00584
0.75,0.7,0.63001,0.6345,-0.00449
0.75,0.725,0.64602,0.64909,-0.00307
0.75,0.75,0.66054,0.66305,-0.0025
0.75,0.775,0.67467,0.67552,-0.00084
0.75,0.8,0.6879,0.68738,0.00052
0.75,0.825,0.70003,0.69829,0.00174
0.75,0.85,0.71084,0.70818,0.00266
0.75,0.875,0.72082,0.71739,0.00343
0.75,0.9,0.72958,0.7255,0.00408
0.75,0.925,0.73695,0.733,0.00396
0.75,0.95,0.74294,0.73958,0.00336
0.75,0.975,0.74735,0.74548,0.00186
0.775,0.025,0.02493,0.02498,-5e-05
0.775,0.05,0.04979,0.04993,-0.00014
0.775,0.075,0.07462,0.07489,-0.00027
0.775,0.1,0.09951,0.09983,-0.00032
0.775,0.125,0.1242,0.12472,-0.00052
0.775,0.15,0.14888,0.14962,-0.00074
0.775,0.175,0.17346,0.17451,-0.00105
0.775,0.2,0.19817,0.19925,-0.00108
0.775,0.225,0.22258,0.2241,-0.00152
0.775,0.25,0.24689,0.24881,-0.00192
0.775,0.275,0.27139,0.27335,-0.00196
0.775,0.3,0.29547,0.29794,-0.00247
0.775,0.325,0.31957,0.32257,-0.003
0.775,0.35,0.34352,0.34691,-0.00339
0.775,0.375,0.36717,0.3711,-0.00393
0.775,0.4,0.39051,0.39512,-0.00461
0.775,0.425,0.41377,0.41885,-0.00508
0.775,0.45,0.43679,0.44208,-0.00529
0.775,0.475,0.45938,0.46521,-0.00582
0.775,0.5,0.48172,0.48793,-0.00621
0.775,0.525,0.50358,0.5102,-0.00662
0.775,0.55,0.52514,0.532,-0.00686
0.775,0.575,0.54622,0.55325,-0.00703
0.775,0.6,0.56643,0.57365,-0.00722
0.775,0.625,0.5862,0.59331,-0.00711
0.775,0.65,0.60535,0.61186,-0.00651
0.775,0.675,0.62379,0.62954,-0.00576
0.775,0.7,0.64173,0.64614,-0.0044
0.775,0.725,0.65883,0.66194,-0.0031
0.775,0.75,0.6746,0.67699,-0.00239
0.775,0.775,0.68989,0.69066,-0.00077
0.775,0.8,0.70448,0.70372,0.00076
0.775,0.825,0.71803,0.71584,0.00218
0.775,0.85,0.73013,0.72694,0.00319
0.775,0.875,0.74141,0.73728,0.00413
0.775,0.9,0.75138,0.74648,0.00489
0.775,0.925,0.75987,0.75504,0.00483
0.775,0.95,0.76687,0.7627,0.00416
0.775,0.975,0.7722,0.76958,0.00262
0.8,0.025,0.02494,0.02498,-4e-05
0.8,0.05,0.04985,0.04993,-8e-05
0.8,0.075,0.07471,0.0749,-0.00019
0.8,0.1,0.09963,0.09988,-0.00024
0.8,0.125,0.12438,0.12481,-0.00043
0.8,0.15,0.14912,0.14972,-6e-04
0.8,0.175,0.17383,0.17468,-0.00085
0.8,0.2,0.19863,0.19947,-0.00084
0.8,0.225,0.22314,0.22441,-0.00126
0.8,0.25,0.24759,0.24922,-0.00163
0.8,0.275,0.27221,0.27387,-0.00167
0.8,0.3,0.29644,0.29859,-0.00215
0.8,0.325,0.32074,0.32337,-0.00263
0.8,0.35,0.3449,0.34788,-0.00298
0.8,0.375,0.36882,0.3723,-0.00348
0.8,0.4,0.39252,0.3966,-0.00408
0.8,0.425,0.41618,0.42065,-0.00447
0.8,0.45,0.43955,0.4443,-0.00474
0.8,0.475,0.4627,0.46787,-0.00517
0.8,0.5,0.48548,0.49122,-0.00574
0.8,0.525,0.50792,0.51407,-0.00615
0.8,0.55,0.53013,0.53658,-0.00645
0.8,0.575,0.55188,0.5586,-0.00672
0.8,0.6,0.57292,0.57981,-0.00689
0.8,0.625,0.59369,0.60035,-0.00665
0.8,0.65,0.61382,0.61984,-0.00602
0.8,0.675,0.63326,0.63857,-0.00531
0.8,0.7,0.65235,0.65629,-0.00394
0.8,0.725,0.67057,0.6733,-0.00273
0.8,0.75,0.68751,0.68957,-0.00206
0.8,0.775,0.70397,0.70452,-0.00055
0.8,0.8,0.71981,0.71886,0.00095
0.8,0.825,0.73469,0.73228,0.0024
0.8,0.85,0.7482,0.74488,0.00332
0.8,0.875,0.76084,0.75638,0.00446
0.8,0.9,0.77212,0.76688,0.00524
0.8,0.925,0.78196,0.77676,0.00521
0.8,0.95,0.79019,0.78559,0.00459
0.8,0.975,0.79643,0.79356,0.00287
0.825,0.025,0.02494,0.02499,-4e-05
0.825,0.05,0.04987,0.04995,-8e-05
0.825,0.075,0.07476,0.07495,-0.00018
0.825,0.1,0.09971,0.09993,-0.00022
0.825,0.125,0.12451,0.12488,-0.00037
0.825,0.15,0.14936,0.14981,-0.00045
0.825,0.175,0.17416,0.17481,-0.00065
0.825,0.2,0.19902,0.19964,-0.00062
0.825,0.225,0.22363,0.22466,-0.00103
0.825,0.25,0.24819,0.24953,-0.00134
0.825,0.275,0.27295,0.27426,-0.00132
0.825,0.3,0.29736,0.29913,-0.00177
0.825,0.325,0.32189,0.32401,-0.00212
0.825,0.35,0.34629,0.34866,-0.00236
0.825,0.375,0.37049,0.37324,-0.00275
0.825,0.4,0.39448,0.39776,-0.00329
0.825,0.425,0.41845,0.42203,-0.00358
0.825,0.45,0.44214,0.44603,-0.00389
0.825,0.475,0.4657,0.46993,-0.00424
0.825,0.5,0.48896,0.49371,-0.00475
0.825,0.525,0.51197,0.51711,-0.00515
0.825,0.55,0.53485,0.54019,-0.00535
0.825,0.575,0.55725,0.56283,-0.00558
0.825,0.6,0.57896,0.58483,-0.00588
0.825,0.625,0.60057,0.60622,-0.00565
0.825,0.65,0.6216,0.62661,-0.00501
0.825,0.675,0.64203,0.64651,-0.00447
0.825,0.7,0.66221,0.66541,-0.0032
0.825,0.725,0.68159,0.68361,-0.00202
0.825,0.75,0.69987,0.70115,-0.00128
0.825,0.775,0.71773,0.71735,0.00038
0.825,0.8,0.73485,0.73293,0.00192
0.825,0.825,0.75096,0.74773,0.00324
0.825,0.85,0.76592,0.76174,0.00419
0.825,0.875,0.77994,0.7746,0.00534
0.825,0.9,0.79259,0.78643,0.00616
0.825,0.925,0.80368,0.79763,0.00605
0.825,0.95,0.81319,0.8079,0.00529
0.825,0.975,0.82073,0.81708,0.00365
0.85,0.025,0.02495,0.025,-5e-05
0.85,0.05,0.04989,0.04997,-8e-05
0.85,0.075,0.0748,0.07497,-0.00016
0.85,0.1,0.09978,0.09996,-0.00018
0.85,0.125,0.12461,0.12493,-0.00032
0.85,0.15,0.1495,0.14987,-0.00037
0.85,0.175,0.17434,0.17488,-0.00053
0.85,0.2,0.19928,0.19974,-0.00046
0.85,0.225,0.22399,0.22478,-0.00079
0.85,0.25,0.24868,0.24971,-0.00103
0.85,0.275,0.2735,0.27451,-0.00101
0.85,0.3,0.29807,0.29948,-0.00141
0.85,0.325,0.32278,0.32444,-0.00167
0.85,0.35,0.34735,0.34921,-0.00185
0.85,0.375,0.37174,0.37393,-0.0022
0.85,0.4,0.39597,0.39864,-0.00267
0.85,0.425,0.42016,0.4231,-0.00294
0.85,0.45,0.44414,0.44735,-0.00321
0.85,0.475,0.46805,0.47158,-0.00353
0.85,0.5,0.4917,0.49563,-0.00393
0.85,0.525,0.51519,0.51944,-0.00425
0.85,0.55,0.5386,0.543,-0.0044
0.85,0.575,0.56156,0.56611,-0.00456
0.85,0.6,0.58395,0.58878,-0.00483
0.85,0.625,0.60635,0.61098,-0.00463
0.85,0.65,0.62822,0.63222,-0.00399
0.85,0.675,0.64965,0.65313,-0.00348
0.85,0.7,0.67086,0.67312,-0.00226
0.85,0.725,0.69131,0.69256,-0.00124
0.85,0.75,0.71072,0.71133,-0.00061
0.85,0.775,0.72986,0.72897,0.00089
0.85,0.8,0.74836,0.74585,0.00251
0.85,0.825,0.76589,0.76221,0.00368
0.85,0.85,0.78229,0.77768,0.00461
0.85,0.875,0.79772,0.79202,0.00569
0.85,0.9,0.81201,0.80539,0.00662
0.85,0.925,0.82468,0.81807,0.00661
0.85,0.95,0.83558,0.82995,0.00563
0.85,0.975,0.84442,0.84066,0.00376
0.875,0.025,0.02496,0.02501,-4e-05
0.875,0.05,0.04994,0.04998,-5e-05
0.875,0.075,0.07486,0.07498,-0.00012
0.875,0.1,0.09986,0.09999,-0.00013
0.875,0.125,0.12473,0.12497,-0.00024
0.875,0.15,0.14967,0.14993,-0.00026
0.875,0.175,0.17455,0.17495,-4e-04
0.875,0.2,0.19954,0.19984,-3e-04
0.875,0.225,0.22431,0.22491,-6e-04
0.875,0.25,0.2491,0.24984,-0.00074
0.875,0.275,0.27398,0.27467,-0.00069
0.875,0.3,0.29869,0.29968,-0.00099
0.875,0.325,0.32353,0.32469,-0.00116
0.875,0.35,0.34822,0.34956,-0.00133
0.875,0.375,0.37278,0.37437,-0.00159
0.875,0.4,0.3972,0.39919,-0.00199
0.875,0.425,0.42165,0.42385,-0.0022
0.875,0.45,0.4459,0.44829,-0.00239
0.875,0.475,0.47011,0.47276,-0.00265
0.875,0.5,0.49412,0.4971,-0.00299
0.875,0.525,0.51804,0.52122,-0.00318
0.875,0.55,0.54189,0.54517,-0.00328
0.875,0.575,0.5653,0.56875,-0.00346
0.875,0.6,0.58839,0.59204,-0.00364
0.875,0.625,0.61154,0.61486,-0.00332
0.875,0.65,0.63415,0.63695,-0.0028
0.875,0.675,0.65636,0.65877,-0.00242
0.875,0.7,0.67855,0.67983,-0.00128
0.875,0.725,0.70011,0.70036,-0.00025
0.875,0.75,0.72076,0.72031,0.00044
0.875,0.775,0.74118,0.73928,0.0019
0.875,0.8,0.76099,0.75754,0.00345
0.875,0.825,0.77997,0.77535,0.00462
0.875,0.85,0.79793,0.79231,0.00562
0.875,0.875,0.815,0.80829,0.00671
0.875,0.9,0.8311,0.82331,0.00779
0.875,0.925,0.84545,0.83767,0.00778
0.875,0.95,0.85807,0.85137,0.0067
0.875,0.975,0.86844,0.8639,0.00454
0.9,0.025,0.02498,0.02501,-2e-05
0.9,0.05,0.04996,0.04998,-2e-05
0.9,0.075,0.0749,0.07499,-9e-05
0.9,0.1,0.09991,0.10001,-1e-04
0.9,0.125,0.12481,0.12501,-2e-04
0.9,0.15,0.14977,0.14997,-2e-04
0.9,0.175,0.17469,0.17499,-3e-04
0.9,0.2,0.19971,0.19993,-0.00022
0.9,0.225,0.22454,0.22501,-0.00047
0.9,0.25,0.24941,0.24995,-0.00055
0.9,0.275,0.27433,0.27481,-0.00047
0.9,0.3,0.29913,0.29985,-0.00072
0.9,0.325,0.32405,0.32488,-0.00083
0.9,0.35,0.34883,0.34979,-0.00096
0.9,0.375,0.37353,0.37469,-0.00116
0.9,0.4,0.39815,0.39959,-0.00143
0.9,0.425,0.42275,0.42432,-0.00157
0.9,0.45,0.44728,0.44895,-0.00167
0.9,0.475,0.47177,0.47362,-0.00184
0.9,0.5,0.49617,0.49819,-0.00202
0.9,0.525,0.52043,0.52261,-0.00217
0.9,0.55,0.54468,0.54688,-0.00221
0.9,0.575,0.56856,0.57085,-0.00229
0.9,0.6,0.59224,0.59451,-0.00227
0.9,0.625,0.616,0.61782,-0.00183
0.9,0.65,0.63926,0.64061,-0.00135
0.9,0.675,0.66217,0.66325,-0.00108
0.9,0.7,0.68522,0.68532,-9e-05
0.9,0.725,0.7077,0.70684,0.00086
0.9,0.75,0.7294,0.72792,0.00148
0.9,0.775,0.75109,0.74831,0.00278
0.9,0.8,0.77227,0.76799,0.00428
0.9,0.825,0.79257,0.78743,0.00515
0.9,0.85,0.81209,0.80597,0.00612
0.9,0.875,0.83077,0.82365,0.00712
0.9,0.9,0.84844,0.84065,0.0078
0.9,0.925,0.8646,0.85679,0.00782
0.9,0.95,0.87922,0.87249,0.00673
0.9,0.975,0.89162,0.88699,0.00463
0.925,0.025,0.02499,0.02501,-1e-05
0.925,0.05,0.05,0.04999,1e-05
0.925,0.075,0.07494,0.075,-6e-05
0.925,0.1,0.09996,0.10002,-6e-05
0.925,0.125,0.12488,0.12502,-0.00014
0.925,0.15,0.14985,0.14998,-0.00013
0.925,0.175,0.17481,0.175,-2e-04
0.925,0.2,0.19985,0.19994,-9e-05
0.925,0.225,0.22471,0.22502,-0.00031
0.925,0.25,0.24964,0.24997,-0.00034
0.925,0.275,0.27461,0.27484,-0.00023
0.925,0.3,0.29948,0.2999,-0.00041
0.925,0.325,0.32448,0.32495,-0.00047
0.925,0.35,0.34937,0.34988,-0.00052
0.925,0.375,0.3742,0.37482,-0.00062
0.925,0.4,0.399,0.39975,-0.00074
0.925,0.425,0.42374,0.42454,-0.00081
0.925,0.45,0.44846,0.44928,-0.00081
0.925,0.475,0.47322,0.4741,-0.00089
0.925,0.5,0.49784,0.49888,-0.00104
0.925,0.525,0.5224,0.52352,-0.00112
0.925,0.55,0.54701,0.54807,-0.00105
0.925,0.575,0.57128,0.57232,-0.00104
0.925,0.6,0.59548,0.59644,-0.00096
0.925,0.625,0.61976,0.62024,-0.00048
0.925,0.65,0.64361,0.64371,-1e-04
0.925,0.675,0.66729,0.66705,0.00024
0.925,0.7,0.69105,0.69,0.00105
0.925,0.725,0.7144,0.71256,0.00184
0.925,0.75,0.73715,0.73466,0.00249
0.925,0.775,0.75986,0.75624,0.00362
0.925,0.8,0.78239,0.77724,0.00515
0.925,0.825,0.80406,0.79824,0.00582
0.925,0.85,0.82521,0.8184,0.00681
0.925,0.875,0.84557,0.83787,0.00769
0.925,0.9,0.86509,0.85674,0.00835
0.925,0.925,0.88338,0.87493,0.00845
0.925,0.95,0.90024,0.89271,0.00753
0.925,0.975,0.9149,0.90948,0.00541
0.95,0.025,0.025,0.02501,-1e-05
0.95,0.05,0.05,0.04999,1e-05
0.95,0.075,0.07495,0.075,-5e-05
0.95,0.1,0.09999,0.10003,-3e-05
0.95,0.125,0.12493,0.12502,-1e-04
0.95,0.15,0.14991,0.14998,-7e-05
0.95,0.175,0.17488,0.17501,-0.00013
0.95,0.2,0.19997,0.19995,2e-05
0.95,0.225,0.22485,0.22504,-0.00019
0.95,0.25,0.24981,0.25,-0.00019
0.95,0.275,0.27484,0.27487,-3e-05
0.95,0.3,0.29978,0.29993,-0.00015
0.95,0.325,0.32482,0.325,-0.00018
0.95,0.35,0.34977,0.34995,-0.00018
0.95,0.375,0.37469,0.37492,-0.00023
0.95,0.4,0.39955,0.39989,-0.00034
0.95,0.425,0.42442,0.42476,-0.00034
0.95,0.45,0.44927,0.44957,-3e-04
0.95,0.475,0.47416,0.47449,-0.00033
0.95,0.5,0.49893,0.49936,-0.00043
0.95,0.525,0.52372,0.52413,-0.00041
0.95,0.55,0.54856,0.54886,-3e-04
0.95,0.575,0.57312,0.57345,-0.00033
0.95,0.6,0.59767,0.59794,-0.00027
0.95,0.625,0.6224,0.62224,0.00016
0.95,0.65,0.64672,0.64622,5e-04
0.95,0.675,0.67109,0.67015,0.00094
0.95,0.7,0.69546,0.694,0.00146
0.95,0.725,0.71958,0.71737,0.00221
0.95,0.75,0.74331,0.74057,0.00274
0.95,0.775,0.76697,0.76328,0.00369
0.95,0.8,0.79056,0.78556,0.005
0.95,0.825,0.81358,0.80783,0.00575
0.95,0.85,0.8363,0.82958,0.00672
0.95,0.875,0.85829,0.85076,0.00753
0.95,0.9,0.87987,0.87167,0.00821
0.95,0.925,0.9004,0.89212,0.00827
0.95,0.95,0.91975,0.91218,0.00757
0.95,0.975,0.937,0.93148,0.00552
0.975,0.025,0.025,0.02501,0
0.975,0.05,0.05001,0.04999,2e-05
0.975,0.075,0.07497,0.075,-4e-05
0.975,0.1,0.10001,0.10003,-1e-05
0.975,0.125,0.12495,0.12503,-8e-05
0.975,0.15,0.14993,0.14999,-6e-05
0.975,0.175,0.17491,0.17502,-1e-04
0.975,0.2,0.20002,0.19996,6e-05
0.975,0.225,0.22491,0.22505,-0.00014
0.975,0.25,0.24992,0.25002,-1e-04
0.975,0.275,0.27497,0.2749,7e-05
0.975,0.3,0.29993,0.29998,-5e-05
0.975,0.325,0.32502,0.32505,-3e-05
0.975,0.35,0.35002,0.35001,1e-05
0.975,0.375,0.375,0.37502,-2e-05
0.975,0.4,0.39992,0.40002,-1e-04
0.975,0.425,0.42487,0.42492,-6e-05
0.975,0.45,0.44981,0.44977,4e-05
0.975,0.475,0.47478,0.47475,3e-05
0.975,0.5,0.49967,0.49969,-2e-05
0.975,0.525,0.52459,0.52457,1e-05
0.975,0.55,0.54954,0.54946,7e-05
0.975,0.575,0.57431,0.57426,5e-05
0.975,0.6,0.59912,0.59902,9e-05
0.975,0.625,0.62417,0.62365,0.00052
0.975,0.65,0.64886,0.64824,0.00062
0.975,0.675,0.67361,0.67278,0.00083
0.975,0.7,0.69845,0.6973,0.00114
0.975,0.725,0.7232,0.72152,0.00168
0.975,0.75,0.74762,0.74568,0.00195
0.975,0.775,0.77211,0.76957,0.00254
0.975,0.8,0.79669,0.79321,0.00348
0.975,0.825,0.82094,0.81693,0.00401
0.975,0.85,0.84503,0.84038,0.00465
0.975,0.875,0.86881,0.86339,0.00542
0.975,0.9,0.89227,0.88627,0.006
0.975,0.925,0.91521,0.90904,0.00618
0.975,0.95,0.93727,0.93148,0.00579
0.975,0.975,0.95801,0.95353,0.00448
