YEAR,GRADE,family,n,loglik,aic,bic,tau,rho,df,lambda_lower,lambda_upper,converged,best_aic
2018,7,t,2442,1123.1526,-2242.3053,-2230.7041,0.5667,,31.195,0.0529,0.0529,TRUE,FALSE
2018,7,frank,2442,1075.1451,-2148.2901,-2142.4895,0.574,0.7751,,0,0,TRUE,FALSE
2018,7,gaussian,2442,1122.4565,-2242.913,-2237.1124,0.566,0.7615,,0,0,TRUE,TRUE
2019,8,t,2688,1064.4424,-2124.8847,-2113.0916,0.5314,,88.7324,4e-04,4e-04,TRUE,FALSE
2019,8,frank,2688,1033.2028,-2064.4055,-2058.5089,0.5416,0.7411,,0,0,TRUE,FALSE
2019,8,gaussian,2688,1064.4601,-2126.9202,-2121.0237,0.5311,0.7247,,0,0,TRUE,TRUE
2017,8,t,2437,778.6559,-1553.3119,-1541.7148,0.4828,,11.1758,0.1589,0.1589,TRUE,TRUE
2017,8,frank,2437,731.5426,-1461.0851,-1455.2866,0.4882,0.6811,,0,0,TRUE,FALSE
2017,8,gaussian,2437,759.9544,-1517.9088,-1512.1103,0.4784,0.6653,,0,0,TRUE,FALSE
2018,8,t,2862,1135.4632,-2266.9263,-2255.0078,0.5316,,84.0267,6e-04,6e-04,TRUE,FALSE
2018,8,frank,2862,1059.1372,-2116.2744,-2110.3151,0.532,0.7307,,0,0,TRUE,FALSE
2018,8,gaussian,2862,1135.4345,-2268.8691,-2262.9098,0.5315,0.7251,,0,0,TRUE,TRUE
2017,7,t,2476,883.6599,-1763.3199,-1751.6911,0.5071,,22.1355,0.062,0.062,TRUE,TRUE
2017,7,frank,2476,801.2939,-1600.5877,-1594.7733,0.5035,0.6988,,0,0,TRUE,FALSE
2017,7,gaussian,2476,880.3181,-1758.6363,-1752.8219,0.5069,0.698,,0,0,TRUE,FALSE
2017,6,t,1908,613.4252,-1222.8503,-1211.7427,0.4844,,15.06,0.1051,0.1051,TRUE,TRUE
2017,6,frank,1908,567.453,-1132.906,-1127.3522,0.4863,0.6787,,0,0,TRUE,FALSE
2017,6,gaussian,1908,608.4303,-1214.8606,-1209.3068,0.4834,0.6712,,0,0,TRUE,FALSE
2019,6,t,3589,1050.2281,-2096.4563,-2084.085,0.4649,,23.8959,0.035,0.035,TRUE,TRUE
2019,6,frank,3589,999.006,-1996.012,-1989.8264,0.4719,0.6618,,0,0,TRUE,FALSE
2019,6,gaussian,3589,1045.525,-2089.0501,-2082.8644,0.4636,0.648,,0,0,TRUE,FALSE
2021,8,t,3835,1348.895,-2693.79,-2681.2862,0.5048,,49.5278,0.0053,0.0053,TRUE,FALSE
2021,8,frank,3835,1331.8021,-2661.6043,-2655.3524,0.5189,0.7162,,0,0,TRUE,FALSE
2021,8,gaussian,3835,1348.5388,-2695.0776,-2688.8257,0.5041,0.6948,,0,0,TRUE,TRUE
2017,5,t,2044,671.8501,-1339.7001,-1328.4548,0.4895,,31.5272,0.0214,0.0214,TRUE,TRUE
2017,5,frank,2044,608.3052,-1214.6105,-1208.9878,0.4846,0.6768,,0,0,TRUE,FALSE
2017,5,gaussian,2044,670.5717,-1339.1433,-1333.5206,0.4895,0.6781,,0,0,TRUE,FALSE
2018,6,t,2567,1027.611,-2051.222,-2039.521,0.5337,,33.881,0.0298,0.0298,TRUE,TRUE
2018,6,frank,2567,960.1238,-1918.2476,-1912.3972,0.535,0.7339,,0,0,TRUE,FALSE
2018,6,gaussian,2567,1025.7362,-2049.4723,-2043.6218,0.5332,0.727,,0,0,TRUE,FALSE
2019,7,t,2874,1072.9524,-2141.9048,-2129.9779,0.5185,,42.9711,0.0116,0.0116,TRUE,TRUE
2019,7,frank,2874,1058.3623,-2114.7245,-2108.7611,0.5318,0.7304,,0,0,TRUE,FALSE
2019,7,gaussian,2874,1071.7408,-2141.4816,-2135.5181,0.5174,0.7097,,0,0,TRUE,FALSE
2017,4,t,3166,906.1934,-1808.3867,-1796.2663,0.4603,,38.4519,0.0072,0.0072,TRUE,TRUE
2017,4,frank,3166,845.0641,-1688.1281,-1682.0679,0.4617,0.6496,,0,0,TRUE,FALSE
2017,4,gaussian,3166,904.9775,-1807.955,-1801.8948,0.4598,0.6434,,0,0,TRUE,FALSE
2018,5,t,3665,1450.6897,-2897.3795,-2884.9663,0.5311,,27.6463,0.0481,0.0481,TRUE,TRUE
2018,5,frank,3665,1366.9673,-2731.9346,-2725.7281,0.5349,0.7338,,0,0,TRUE,FALSE
2018,5,gaussian,3665,1446.7494,-2891.4989,-2885.2923,0.5301,0.7236,,0,0,TRUE,FALSE
2017,3,t,5706,1808.9459,-3613.8918,-3600.5932,0.4815,,95.1057,1e-04,1e-04,TRUE,FALSE
2017,3,frank,5706,1731.8523,-3461.7046,-3455.0553,0.4889,0.6818,,0,0,TRUE,FALSE
2017,3,gaussian,5706,1808.9408,-3615.8815,-3609.2323,0.4812,0.6686,,0,0,TRUE,TRUE
2018,4,t,6239,2475.3916,-4946.7832,-4933.306,0.5316,,27.0638,0.0507,0.0507,TRUE,TRUE
2018,4,frank,6239,2356.3754,-4710.7508,-4704.0122,0.5376,0.7368,,0,0,TRUE,FALSE
2018,4,gaussian,6239,2464.7239,-4927.4477,-4920.7092,0.53,0.7235,,0,0,TRUE,FALSE
2019,5,t,5642,1851.714,-3699.428,-3686.152,0.489,,110.2195,0,0,TRUE,FALSE
2019,5,frank,5642,1793.0001,-3584.0001,-3577.3622,0.4983,0.6927,,0,0,TRUE,FALSE
2019,5,gaussian,5642,1851.9061,-3701.8122,-3695.1742,0.4887,0.6773,,0,0,TRUE,TRUE
2021,7,t,4988,1727.3075,-3450.615,-3437.5854,0.5013,,41.6237,0.01,0.01,TRUE,TRUE
2021,7,frank,4988,1678.443,-3354.886,-3348.3712,0.5108,0.707,,0,0,TRUE,FALSE
2021,7,gaussian,4988,1724.5732,-3447.1464,-3440.6317,0.5001,0.6902,,0,0,TRUE,FALSE
2022,8,t,5434,1913.5992,-3823.1984,-3809.9975,0.5062,,22.4485,0.0598,0.0598,TRUE,FALSE
2022,8,frank,5434,1940.1615,-3878.323,-3871.7225,0.5257,0.7236,,0,0,TRUE,TRUE
2022,8,gaussian,5434,1905.5352,-3809.0703,-3802.4699,0.5033,0.6939,,0,0,TRUE,FALSE
2018,3,t,7121,2999.691,-5995.382,-5981.6404,0.5454,,33.5922,0.0351,0.0351,TRUE,TRUE
2018,3,frank,7121,2893.5853,-5785.1705,-5778.2997,0.5552,0.7557,,0,0,TRUE,FALSE
2018,3,gaussian,7121,2994.6867,-5987.3734,-5980.5026,0.5444,0.739,,0,0,TRUE,FALSE
2019,4,t,7334,2876.3787,-5748.7575,-5734.9569,0.5285,,168.571,0,0,TRUE,FALSE
2019,4,frank,7334,2835.4568,-5668.9136,-5662.0133,0.5422,0.7417,,0,0,TRUE,FALSE
2019,4,gaussian,7334,2876.9033,-5751.8066,-5744.9064,0.5283,0.7216,,0,0,TRUE,TRUE
2021,6,t,5263,1752.8263,-3501.6526,-3488.5157,0.4923,,57.0171,0.0022,0.0022,TRUE,FALSE
2021,6,frank,5263,1681.3187,-3360.6375,-3354.069,0.5011,0.6959,,0,0,TRUE,FALSE
2021,6,gaussian,5263,1751.8535,-3501.7071,-3495.1386,0.4918,0.6808,,0,0,TRUE,TRUE
2022,7,t,5733,2027.3628,-4050.7255,-4037.4175,0.5059,,39.9144,0.0124,0.0124,TRUE,TRUE
2022,7,frank,5733,1989.7558,-3977.5117,-3970.8577,0.519,0.7163,,0,0,TRUE,FALSE
2022,7,gaussian,5733,2024.048,-4046.0961,-4039.4421,0.5047,0.6955,,0,0,TRUE,FALSE
2023,8,t,6101,2420.3192,-4836.6384,-4823.206,0.5315,,84.294,6e-04,6e-04,TRUE,FALSE
2023,8,frank,6101,2406.3995,-4810.799,-4804.0828,0.5473,0.7473,,0,0,TRUE,FALSE
2023,8,gaussian,6101,2419.7651,-4837.5303,-4830.8141,0.5309,0.7245,,0,0,TRUE,TRUE
2024,7,t,6807,2846.0108,-5688.0217,-5674.3703,0.5439,,57.4241,0.0058,0.0058,TRUE,FALSE
2024,7,frank,6807,2902.6011,-5803.2022,-5796.3765,0.5661,0.767,,0,0,TRUE,TRUE
2024,7,gaussian,6807,2846.3485,-5690.697,-5683.8713,0.5431,0.7375,,0,0,TRUE,FALSE
2025,8,t,7164,2354.5036,-4705.0072,-4691.2535,0.4906,,50.7846,0.0037,0.0037,TRUE,FALSE
2025,8,frank,7164,2533.5664,-5065.1327,-5058.2559,0.5235,0.7213,,0,0,TRUE,TRUE
2025,8,gaussian,7164,2351.8324,-4701.6648,-4694.788,0.4887,0.6773,,0,0,TRUE,FALSE
2022,6,t,5725,1910.8145,-3817.6289,-3804.3237,0.4925,,161.5703,0,0,TRUE,FALSE
2022,6,frank,5725,1813.3121,-3624.6241,-3617.9715,0.497,0.6912,,0,0,TRUE,FALSE
2022,6,gaussian,5725,1911.3993,-3820.7986,-3814.146,0.4924,0.6815,,0,0,TRUE,TRUE
2023,7,t,6187,2257.0553,-4510.1107,-4496.6503,0.5124,,83.0342,4e-04,4e-04,TRUE,FALSE
2023,7,frank,6187,2237.9867,-4473.9733,-4467.2431,0.5279,0.7262,,0,0,TRUE,FALSE
2023,7,gaussian,6187,2256.6869,-4511.3737,-4504.6435,0.5119,0.7036,,0,0,TRUE,TRUE
2024,8,t,6838,2721.6113,-5439.2226,-5425.5621,0.5333,,37.972,0.0215,0.0215,TRUE,FALSE
2024,8,frank,6838,2842.5348,-5683.0696,-5676.2393,0.5613,0.762,,0,0,TRUE,TRUE
2024,8,gaussian,6838,2717.6754,-5433.3507,-5426.5205,0.5313,0.7249,,0,0,TRUE,FALSE
2019,3,t,7673,3048.7017,-6093.4034,-6079.5124,0.532,,52.4388,0.0068,0.0068,TRUE,FALSE
2019,3,frank,7673,3027.3821,-6052.7642,-6045.8188,0.5475,0.7475,,0,0,TRUE,FALSE
2019,3,gaussian,7673,3047.774,-6093.5479,-6086.6024,0.5312,0.7247,,0,0,TRUE,TRUE
2021,5,t,6185,2105.7378,-4207.4755,-4194.0158,0.497,,116.1382,0,0,TRUE,FALSE
2021,5,frank,6185,2079.3225,-4156.6449,-4149.915,0.5105,0.7067,,0,0,TRUE,FALSE
2021,5,gaussian,6185,2105.9664,-4209.9328,-4203.2029,0.4967,0.6864,,0,0,TRUE,TRUE
2021,4,t,7468,2940.2642,-5876.5285,-5862.6917,0.5295,,113.3368,1e-04,1e-04,TRUE,FALSE
2021,4,frank,7468,2942.5808,-5883.1616,-5876.2432,0.5471,0.747,,0,0,TRUE,TRUE
2021,4,gaussian,7468,2940.3072,-5878.6144,-5871.696,0.5291,0.7225,,0,0,TRUE,FALSE
2023,6,t,6143,2222.9289,-4441.8579,-4428.4118,0.5109,,38.0297,0.0157,0.0157,TRUE,TRUE
2023,6,frank,6143,2178.5723,-4355.1445,-4348.4215,0.5238,0.7216,,0,0,TRUE,FALSE
2023,6,gaussian,6143,2219.7105,-4437.421,-4430.6979,0.5098,0.7012,,0,0,TRUE,FALSE
2022,5,t,6822,2738.5625,-5473.125,-5459.4692,0.5344,,44.8674,0.0127,0.0127,TRUE,TRUE
2022,5,frank,6822,2716.8681,-5431.7363,-5424.9084,0.5501,0.7502,,0,0,TRUE,FALSE
2022,5,gaussian,6822,2736.7605,-5471.521,-5464.6931,0.5335,0.7273,,0,0,TRUE,FALSE
2021,3,t,7849,2874.9391,-5745.8782,-5731.9419,0.5135,,62.9592,0.0021,0.0021,TRUE,FALSE
2021,3,frank,7849,2929.2694,-5856.5389,-5849.5707,0.5347,0.7336,,0,0,TRUE,TRUE
2021,3,gaussian,7849,2876.3507,-5750.7014,-5743.7333,0.5129,0.7046,,0,0,TRUE,FALSE
2022,4,t,8289,3508.6981,-7013.3961,-6999.3508,0.5464,,66.4426,0.0032,0.0032,TRUE,FALSE
2022,4,frank,8289,3512.8283,-7023.6566,-7016.6339,0.564,0.7649,,0,0,TRUE,TRUE
2022,4,gaussian,8289,3510.4689,-7018.9379,-7011.9152,0.546,0.7406,,0,0,TRUE,FALSE
2023,5,t,7246,2890.3385,-5776.677,-5762.9006,0.5325,,124.2474,0,0,TRUE,FALSE
2023,5,frank,7246,2875.89,-5749.78,-5742.8918,0.5487,0.7487,,0,0,TRUE,FALSE
2023,5,gaussian,7246,2890.6155,-5779.231,-5772.3428,0.5322,0.7258,,0,0,TRUE,TRUE
2024,6,t,6921,2715.0036,-5426.0073,-5412.3226,0.5291,,61.0986,0.0033,0.0033,TRUE,FALSE
2024,6,frank,6921,2782.2053,-5562.4106,-5555.5683,0.5522,0.7525,,0,0,TRUE,TRUE
2024,6,gaussian,6921,2716.3883,-5430.7767,-5423.9344,0.5285,0.7218,,0,0,TRUE,FALSE
2025,7,t,7419,2441.0326,-4878.0653,-4864.2417,0.4906,,44.7506,0.0064,0.0064,TRUE,FALSE
2025,7,frank,7419,2550.022,-5098.0441,-5091.1323,0.5167,0.7136,,0,0,TRUE,TRUE
2025,7,gaussian,7419,2437.8525,-4873.705,-4866.7932,0.4888,0.6774,,0,0,TRUE,FALSE
2026,8,t,7115,2498.1775,-4992.355,-4978.6151,0.5055,,37.0891,0.0158,0.0158,TRUE,FALSE
2026,8,frank,7115,2593.4108,-5184.8216,-5177.9516,0.5302,0.7287,,0,0,TRUE,TRUE
2026,8,gaussian,7115,2492.816,-4983.632,-4976.762,0.5034,0.694,,0,0,TRUE,FALSE
2024,5,t,7700,3372.7225,-6741.4449,-6727.547,0.5548,,62.7819,0.0049,0.0049,TRUE,FALSE
2024,5,frank,7700,3499.4655,-6996.931,-6989.982,0.5806,0.7818,,0,0,TRUE,TRUE
2024,5,gaussian,7700,3373.9345,-6745.8689,-6738.9199,0.554,0.749,,0,0,TRUE,FALSE
2022,3,t,8045,3298.5117,-6593.0235,-6579.0379,0.5393,,63.1766,0.0035,0.0035,TRUE,FALSE
2022,3,frank,8045,3411.7955,-6821.5911,-6814.5983,0.5642,0.7651,,0,0,TRUE,TRUE
2022,3,gaussian,8045,3299.145,-6596.2899,-6589.2971,0.5385,0.7326,,0,0,TRUE,FALSE
2023,4,t,8381,3561.7969,-7119.5939,-7105.5264,0.5476,,73.6948,0.002,0.002,TRUE,FALSE
2023,4,frank,8381,3747.9879,-7493.9758,-7486.9421,0.5772,0.7784,,0,0,TRUE,TRUE
2023,4,gaussian,8381,3564.6768,-7127.3536,-7120.3199,0.547,0.7417,,0,0,TRUE,FALSE
2025,6,t,6919,2311.7351,-4619.4702,-4605.7862,0.4937,,42.0751,0.0085,0.0085,TRUE,FALSE
2025,6,frank,6919,2356.1681,-4710.3361,-4703.4941,0.5148,0.7115,,0,0,TRUE,TRUE
2025,6,gaussian,6919,2308.4883,-4614.9765,-4608.1345,0.4922,0.6812,,0,0,TRUE,FALSE
2026,7,t,6850,2698.717,-5393.4339,-5379.7699,0.5303,,63.6429,0.0028,0.0028,TRUE,FALSE
2026,7,frank,6850,2788.5089,-5575.0179,-5568.1859,0.5554,0.7559,,0,0,TRUE,TRUE
2026,7,gaussian,6850,2700.636,-5399.2721,-5392.4401,0.5297,0.7231,,0,0,TRUE,FALSE
2024,4,t,9211,4352.1842,-8700.3684,-8686.1121,0.5726,,75.1751,0.0032,0.0032,TRUE,FALSE
2024,4,frank,9211,4607.5975,-9213.1951,-9206.0669,0.6048,0.8057,,0,0,TRUE,TRUE
2024,4,gaussian,9211,4354.4877,-8706.9754,-8699.8473,0.572,0.7676,,0,0,TRUE,FALSE
2025,5,t,8082,2710.0891,-5416.1781,-5402.1833,0.4943,,63.5141,0.0013,0.0013,TRUE,FALSE
2025,5,frank,8082,2889.3408,-5776.6817,-5769.6843,0.5252,0.7231,,0,0,TRUE,TRUE
2025,5,gaussian,8082,2711.2055,-5420.4111,-5413.4137,0.4933,0.6825,,0,0,TRUE,FALSE
2026,6,t,6660,2521.7538,-5039.5076,-5025.8999,0.5208,,172.9353,0,0,TRUE,FALSE
2026,6,frank,6660,2596.1823,-5190.3645,-5183.5607,0.5449,0.7447,,0,0,TRUE,TRUE
2026,6,gaussian,6660,2522.3763,-5042.7526,-5035.9488,0.5206,0.7132,,0,0,TRUE,FALSE
2023,3,t,8714,3982.6162,-7961.2324,-7947.087,0.5647,,78.2601,0.0022,0.0022,TRUE,FALSE
2023,3,frank,8714,4240.1697,-8478.3393,-8471.2666,0.5974,0.7985,,0,0,TRUE,TRUE
2023,3,gaussian,8714,3985.3043,-7968.6087,-7961.536,0.5641,0.7595,,0,0,TRUE,FALSE
2024,3,t,9074,4290.4987,-8576.9974,-8562.7711,0.5739,,37.0233,0.0385,0.0385,TRUE,FALSE
2024,3,frank,9074,4588.9328,-9175.8656,-9168.7524,0.6082,0.8089,,0,0,TRUE,TRUE
2024,3,gaussian,9074,4283.1726,-8564.3452,-8557.232,0.5716,0.7672,,0,0,TRUE,FALSE
2025,4,t,9187,3430.6367,-6857.2734,-6843.0223,0.5181,,64.0309,0.0021,0.0021,TRUE,FALSE
2025,4,frank,9187,3636.2516,-7270.5032,-7263.3777,0.5485,0.7485,,0,0,TRUE,TRUE
2025,4,gaussian,9187,3431.6578,-6861.3155,-6854.19,0.5171,0.7093,,0,0,TRUE,FALSE
2026,5,t,7421,2906.2051,-5808.4102,-5794.5861,0.5288,,69.4419,0.0017,0.0017,TRUE,FALSE
2026,5,frank,7421,2985.5503,-5969.1006,-5962.1886,0.5522,0.7525,,0,0,TRUE,TRUE
2026,5,gaussian,7421,2908.7792,-5815.5585,-5808.6464,0.5283,0.7216,,0,0,TRUE,FALSE
2025,3,t,9821,4225.8174,-8447.6348,-8433.2503,0.5509,,58.5908,0.0061,0.0061,TRUE,FALSE
2025,3,frank,9821,4544.6165,-9087.233,-9080.0407,0.5861,0.7873,,0,0,TRUE,TRUE
2025,3,gaussian,9821,4225.3519,-8448.7038,-8441.5115,0.5496,0.7445,,0,0,TRUE,FALSE
2026,4,t,8515,3511.4014,-7018.8029,-7004.7037,0.5406,,71.1054,0.002,0.002,TRUE,FALSE
2026,4,frank,8515,3544.0738,-7086.1476,-7079.098,0.5599,0.7605,,0,0,TRUE,TRUE
2026,4,gaussian,8515,3514.0325,-7026.065,-7019.0154,0.5402,0.7345,,0,0,TRUE,FALSE
2026,3,t,10088,4719.2107,-9434.4214,-9419.9832,0.57,,90.9362,0.0011,0.0011,TRUE,FALSE
2026,3,frank,10088,4906.6823,-9811.3647,-9804.1456,0.5973,0.7984,,0,0,TRUE,TRUE
2026,3,gaussian,10088,4723.8376,-9445.6752,-9438.4561,0.5697,0.7653,,0,0,TRUE,FALSE
