YEAR,YEAR_STRATUM,GRADE,outcome,best_cut,youden,sens,spec,n
2018,istep_contrast,7,proficient,4.2,0.7137,0.8528,0.8609,2442
2018,istep_contrast,7,pctile_ge25,3.1,0.6036,0.8164,0.7871,2442
2018,istep_contrast,7,pctile_ge50,3.4,0.5857,0.8103,0.7753,2442
2019,ilearn_2019,8,proficient,4.2,0.6604,0.8451,0.8154,2688
2019,ilearn_2019,8,pctile_ge25,3.3,0.581,0.7519,0.8291,2688
2019,ilearn_2019,8,pctile_ge50,3.4,0.5843,0.8441,0.7402,2688
2017,istep_contrast,8,proficient,4.3,0.5433,0.6765,0.8668,2437
2017,istep_contrast,8,pctile_ge25,3.6,0.5407,0.6958,0.8449,2437
2017,istep_contrast,8,pctile_ge50,3.7,0.505,0.767,0.7381,2437
2018,istep_contrast,8,proficient,4.2,0.633,0.8351,0.798,2862
2018,istep_contrast,8,pctile_ge25,3.4,0.559,0.7409,0.8181,2862
2018,istep_contrast,8,pctile_ge50,3.6,0.5422,0.8306,0.7117,2862
2017,istep_contrast,7,proficient,3.9,0.606,0.8819,0.7241,2476
2017,istep_contrast,7,pctile_ge25,3.3,0.5661,0.8088,0.7573,2476
2017,istep_contrast,7,pctile_ge50,3.6,0.4857,0.7903,0.6954,2476
2017,istep_contrast,6,proficient,3.9,0.6723,0.8444,0.8278,1908
2017,istep_contrast,6,pctile_ge25,3.2,0.4981,0.7616,0.7365,1908
2017,istep_contrast,6,pctile_ge50,3.6,0.4957,0.6842,0.8115,1908
2019,ilearn_2019,6,proficient,4.1,0.5894,0.7664,0.823,3589
2019,ilearn_2019,6,pctile_ge25,3.3,0.5007,0.7826,0.7181,3589
2019,ilearn_2019,6,pctile_ge50,3.6,0.4826,0.7715,0.7111,3589
2021,primary,8,proficient,4.1,0.6739,0.8667,0.8072,3835
2021,primary,8,pctile_ge25,3.2,0.5443,0.7684,0.7759,3835
2021,primary,8,pctile_ge50,3.4,0.5509,0.7822,0.7687,3835
2017,istep_contrast,5,proficient,4.2,0.6469,0.9355,0.7114,2044
2017,istep_contrast,5,pctile_ge25,3.8,0.4806,0.6884,0.7922,2044
2017,istep_contrast,5,pctile_ge50,3.8,0.4926,0.8172,0.6754,2044
2018,istep_contrast,6,proficient,4.1,0.6995,0.8543,0.8452,2567
2018,istep_contrast,6,pctile_ge25,3.3,0.5618,0.7611,0.8006,2567
2018,istep_contrast,6,pctile_ge50,3.6,0.5403,0.7477,0.7927,2567
2019,ilearn_2019,7,proficient,4.2,0.6217,0.7724,0.8493,2874
2019,ilearn_2019,7,pctile_ge25,3.3,0.556,0.749,0.807,2874
2019,ilearn_2019,7,pctile_ge50,3.4,0.5382,0.8214,0.7169,2874
2017,istep_contrast,4,proficient,4.5,0.5763,0.7257,0.8506,3166
2017,istep_contrast,4,pctile_ge25,3.8,0.4721,0.7396,0.7325,3166
2017,istep_contrast,4,pctile_ge50,3.9,0.4749,0.7006,0.7743,3166
2018,istep_contrast,5,proficient,4.7,0.6131,0.8097,0.8034,3665
2018,istep_contrast,5,pctile_ge25,3.8,0.5783,0.8145,0.7637,3665
2018,istep_contrast,5,pctile_ge50,4.2,0.5407,0.7361,0.8046,3665
2017,istep_contrast,3,proficient,3.8,0.4929,0.8458,0.6471,5706
2017,istep_contrast,3,pctile_ge25,3.4,0.5433,0.7485,0.7948,5706
2017,istep_contrast,3,pctile_ge50,3.6,0.4962,0.8059,0.6903,5706
2018,istep_contrast,4,proficient,4.7,0.5624,0.7851,0.7772,6239
2018,istep_contrast,4,pctile_ge25,3.9,0.6036,0.8186,0.785,6239
2018,istep_contrast,4,pctile_ge50,4.3,0.5501,0.7437,0.8064,6239
2019,ilearn_2019,5,proficient,4.6,0.5504,0.8492,0.7012,5642
2019,ilearn_2019,5,pctile_ge25,3.9,0.5522,0.8289,0.7234,5642
2019,ilearn_2019,5,pctile_ge50,4.3,0.5135,0.7399,0.7737,5642
2021,primary,7,proficient,3.9,0.6056,0.8392,0.7665,4988
2021,primary,7,pctile_ge25,3.3,0.5747,0.7916,0.7831,4988
2021,primary,7,pctile_ge50,3.4,0.5252,0.8078,0.7174,4988
2022,primary,8,proficient,3.9,0.609,0.8846,0.7244,5434
2022,primary,8,pctile_ge25,3.3,0.5608,0.785,0.7758,5434
2022,primary,8,pctile_ge50,3.6,0.5432,0.779,0.7643,5434
2018,istep_contrast,3,proficient,3.9,0.5917,0.8499,0.7419,7121
2018,istep_contrast,3,pctile_ge25,3.4,0.6071,0.8166,0.7906,7121
2018,istep_contrast,3,pctile_ge50,3.8,0.5731,0.7817,0.7915,7121
2019,ilearn_2019,4,proficient,4.7,0.5641,0.788,0.7761,7334
2019,ilearn_2019,4,pctile_ge25,4.1,0.5924,0.7893,0.8031,7334
2019,ilearn_2019,4,pctile_ge50,4.3,0.564,0.7872,0.7768,7334
2021,primary,6,proficient,3.9,0.5826,0.7653,0.8173,5263
2021,primary,6,pctile_ge25,3.2,0.5229,0.8351,0.6879,5263
2021,primary,6,pctile_ge50,3.4,0.5072,0.7917,0.7155,5263
2022,primary,7,proficient,4.1,0.6004,0.7785,0.8219,5733
2022,primary,7,pctile_ge25,3.3,0.56,0.7871,0.7729,5733
2022,primary,7,pctile_ge50,3.6,0.5444,0.7713,0.773,5733
2023,primary,8,proficient,4,0.6195,0.8505,0.769,6101
2023,primary,8,pctile_ge25,3.2,0.594,0.8021,0.7919,6101
2023,primary,8,pctile_ge50,3.4,0.5687,0.863,0.7057,6101
2024,primary,7,proficient,4.1,0.6341,0.8081,0.826,6807
2024,primary,7,pctile_ge25,3.1,0.619,0.8056,0.8134,6807
2024,primary,7,pctile_ge50,3.4,0.6134,0.811,0.8023,6807
2025,primary,8,proficient,4.1,0.607,0.839,0.768,7164
2025,primary,8,pctile_ge25,3.3,0.539,0.7402,0.7988,7164
2025,primary,8,pctile_ge50,3.4,0.585,0.8333,0.7517,7164
2022,primary,6,proficient,3.9,0.611,0.8237,0.7873,5725
2022,primary,6,pctile_ge25,3.3,0.5353,0.809,0.7262,5725
2022,primary,6,pctile_ge50,3.6,0.5022,0.7584,0.7438,5725
2023,primary,7,proficient,4,0.6404,0.8568,0.7835,6187
2023,primary,7,pctile_ge25,3.2,0.5568,0.7923,0.7645,6187
2023,primary,7,pctile_ge50,3.5,0.5558,0.8053,0.7506,6187
2024,primary,8,proficient,3.9,0.6116,0.8644,0.7473,6838
2024,primary,8,pctile_ge25,3.2,0.6084,0.7814,0.827,6838
2024,primary,8,pctile_ge50,3.6,0.6084,0.7984,0.81,6838
2019,ilearn_2019,3,proficient,4.1,0.5846,0.7888,0.7958,7673
2019,ilearn_2019,3,pctile_ge25,3.4,0.5694,0.8188,0.7505,7673
2019,ilearn_2019,3,pctile_ge50,3.8,0.5713,0.8109,0.7604,7673
2021,primary,5,proficient,4.7,0.5831,0.8057,0.7774,6185
2021,primary,5,pctile_ge25,3.8,0.5429,0.8302,0.7127,6185
2021,primary,5,pctile_ge50,4.2,0.5169,0.7632,0.7538,6185
2021,primary,4,proficient,4.5,0.604,0.8774,0.7267,7468
2021,primary,4,pctile_ge25,3.9,0.5881,0.7453,0.8428,7468
2021,primary,4,pctile_ge50,4.2,0.5825,0.7917,0.7908,7468
2023,primary,6,proficient,3.8,0.5537,0.8655,0.6882,6143
2023,primary,6,pctile_ge25,3.3,0.5913,0.7785,0.8128,6143
2023,primary,6,pctile_ge50,3.5,0.5413,0.799,0.7424,6143
2022,primary,5,proficient,4.6,0.5696,0.8331,0.7364,6822
2022,primary,5,pctile_ge25,3.9,0.6136,0.7553,0.8583,6822
2022,primary,5,pctile_ge50,4.1,0.5805,0.8435,0.7371,6822
2021,primary,3,proficient,3.9,0.6123,0.8355,0.7768,7849
2021,primary,3,pctile_ge25,3.4,0.5357,0.7271,0.8086,7849
2021,primary,3,pctile_ge50,3.7,0.5737,0.7804,0.7933,7849
2022,primary,4,proficient,4.6,0.6182,0.8472,0.7709,8289
2022,primary,4,pctile_ge25,3.9,0.5967,0.7651,0.8316,8289
2022,primary,4,pctile_ge50,4.2,0.5877,0.8161,0.7715,8289
2023,primary,5,proficient,4.7,0.597,0.8026,0.7943,7246
2023,primary,5,pctile_ge25,3.8,0.6024,0.8179,0.7845,7246
2023,primary,5,pctile_ge50,4.1,0.5803,0.8208,0.7595,7246
2024,primary,6,proficient,3.8,0.598,0.885,0.713,6921
2024,primary,6,pctile_ge25,3.1,0.6036,0.8031,0.8005,6921
2024,primary,6,pctile_ge50,3.4,0.579,0.7749,0.8042,6921
2025,primary,7,proficient,4.1,0.6491,0.8408,0.8083,7419
2025,primary,7,pctile_ge25,3.1,0.5235,0.7753,0.7482,7419
2025,primary,7,pctile_ge50,3.4,0.5668,0.7829,0.7839,7419
2026,ilearn_2026,8,pctile_ge25,3.2,0.6299,0.8177,0.8122,7115
2026,ilearn_2026,8,pctile_ge50,3.7,0.5494,0.7764,0.773,7115
2024,primary,5,proficient,4.6,0.5922,0.8357,0.7565,7700
2024,primary,5,pctile_ge25,3.8,0.6407,0.7829,0.8578,7700
2024,primary,5,pctile_ge50,3.9,0.6125,0.8543,0.7582,7700
2022,primary,3,proficient,3.8,0.6204,0.9111,0.7092,8045
2022,primary,3,pctile_ge25,3.3,0.5874,0.7811,0.8062,8045
2022,primary,3,pctile_ge50,3.6,0.6021,0.8141,0.7879,8045
2023,primary,4,proficient,4.5,0.622,0.8942,0.7278,8381
2023,primary,4,pctile_ge25,3.9,0.6255,0.7984,0.8271,8381
2023,primary,4,pctile_ge50,4.1,0.6203,0.8553,0.765,8381
2025,primary,6,proficient,3.9,0.6429,0.8365,0.8064,6919
2025,primary,6,pctile_ge25,3.2,0.5493,0.7527,0.7966,6919
2025,primary,6,pctile_ge50,3.4,0.55,0.7677,0.7823,6919
2026,ilearn_2026,7,pctile_ge25,3.3,0.6079,0.7713,0.8366,6850
2026,ilearn_2026,7,pctile_ge50,3.6,0.5839,0.795,0.7889,6850
2024,primary,4,proficient,4.5,0.64,0.8794,0.7606,9211
2024,primary,4,pctile_ge25,3.7,0.6419,0.8155,0.8263,9211
2024,primary,4,pctile_ge50,4.1,0.6639,0.835,0.8289,9211
2025,primary,5,proficient,4.3,0.5698,0.9104,0.6594,8082
2025,primary,5,pctile_ge25,3.8,0.5592,0.7516,0.8076,8082
2025,primary,5,pctile_ge50,3.9,0.5879,0.8368,0.751,8082
2026,ilearn_2026,6,pctile_ge25,3.3,0.6067,0.7801,0.8266,6660
2026,ilearn_2026,6,pctile_ge50,3.4,0.5899,0.8292,0.7607,6660
2023,primary,3,proficient,3.9,0.6432,0.8748,0.7685,8714
2023,primary,3,pctile_ge25,3.2,0.6321,0.8069,0.8252,8714
2023,primary,3,pctile_ge50,3.6,0.6578,0.8188,0.8389,8714
2024,primary,3,proficient,3.9,0.66,0.8515,0.8084,9074
2024,primary,3,pctile_ge25,3.2,0.6468,0.812,0.8348,9074
2024,primary,3,pctile_ge50,3.6,0.6691,0.8309,0.8382,9074
2025,primary,4,proficient,4.7,0.6094,0.7891,0.8203,9187
2025,primary,4,pctile_ge25,3.8,0.5753,0.7749,0.8004,9187
2025,primary,4,pctile_ge50,4.1,0.6155,0.82,0.7955,9187
2026,ilearn_2026,5,pctile_ge25,3.9,0.6167,0.7579,0.8588,7421
2026,ilearn_2026,5,pctile_ge50,4.2,0.5886,0.8022,0.7864,7421
2025,primary,3,proficient,3.9,0.6388,0.8495,0.7894,9821
2025,primary,3,pctile_ge25,3.2,0.6271,0.8071,0.8199,9821
2025,primary,3,pctile_ge50,3.6,0.6383,0.8282,0.8101,9821
2026,ilearn_2026,4,pctile_ge25,3.9,0.6291,0.8297,0.7994,8515
2026,ilearn_2026,4,pctile_ge50,4.3,0.5883,0.7952,0.7931,8515
2026,ilearn_2026,3,pctile_ge25,3.4,0.6763,0.7994,0.8768,10088
2026,ilearn_2026,3,pctile_ge50,3.7,0.632,0.8397,0.7922,10088
