YEAR_T1,GRADE_T1,YEAR_T,GRADE,window,role,WIDA_EXIT_BAND,n,ilearn_pctile_t,ilearn_pctile_t1,ilearn_pctile_delta,p_proficient_t,p_proficient_t1,n_never_el,never_el_median_score,never_el_median_pctile,never_el_median_sgp,n_never_el_t1,never_el_median_score_t1,never_el_median_pctile_t1,never_el_median_sgp_t1,gap_pctile_t,gap_pctile_t1,suppress
2022,4,2021,3,primary,exiter,<4.3,38,,,,,,70376,5442,52.83,,71980,5479,52.833,50,,,TRUE
2022,4,2021,3,primary,exiter,4.3-4.9,11,,,,,,70376,5442,52.83,,71980,5479,52.833,50,,,TRUE
2022,4,2021,3,primary,exiter,>=5.0,231,77.444,79.245,0.946,0.792,0.835,70376,5442,52.83,,71980,5479,52.833,50,24.614,26.412,FALSE
2022,4,2021,3,primary,never_el,"",67223,53.303,53.282,-0.191,0.42,0.443,70376,5442,52.83,,71980,5479,52.833,50,0.473,0.449,FALSE
2022,4,2021,3,primary,stayer,<4.3,5928,24.526,25.747,0.897,0.077,0.116,70376,5442,52.83,,71980,5479,52.833,50,-28.304,-27.086,FALSE
2022,4,2021,3,primary,stayer,4.3-4.9,1310,62.012,63.404,1.09,0.52,0.571,70376,5442,52.83,,71980,5479,52.833,50,9.182,10.571,FALSE
2022,5,2021,4,primary,exiter,<4.3,35,,,,,,70434,5476,52.872,,73518,5509,52.722,50,,,TRUE
2022,5,2021,4,primary,exiter,4.3-4.9,15,,,,,,70434,5476,52.872,,73518,5509,52.722,50,,,TRUE
2022,5,2021,4,primary,exiter,>=5.0,1240,62.533,64.358,1.003,0.539,0.611,70434,5476,52.872,,73518,5509,52.722,50,9.661,11.636,FALSE
2022,5,2021,4,primary,never_el,"",67677,53.348,53.185,-0.053,0.427,0.44,70434,5476,52.872,,73518,5509,52.722,50,0.476,0.463,FALSE
2022,5,2021,4,primary,stayer,<4.3,3854,16.391,18.654,1.953,0.021,0.048,70434,5476,52.872,,73518,5509,52.722,50,-36.481,-34.068,FALSE
2022,5,2021,4,primary,stayer,4.3-4.9,1994,42.985,44.729,1.893,0.202,0.269,70434,5476,52.872,,73518,5509,52.722,50,-9.887,-7.993,FALSE
2022,5,2021,4,primary,stayer,>=5.0,26,,,,,,70434,5476,52.872,,73518,5509,52.722,50,,,TRUE
2022,6,2021,5,primary,exiter,<4.3,27,,,,,,73121,5507,52.715,50,75602,5526,52.793,50,,,TRUE
2022,6,2021,5,primary,exiter,>=5.0,989,52.252,53.716,2.305,0.332,0.392,73121,5507,52.715,50,75602,5526,52.793,50,-0.463,0.924,FALSE
2022,6,2021,5,primary,never_el,"",69982,53.623,53.255,-0.014,0.429,0.421,73121,5507,52.715,50,75602,5526,52.793,50,0.908,0.462,FALSE
2022,6,2021,5,primary,stayer,<4.3,3142,13.438,16.33,2.133,0.01,0.021,73121,5507,52.715,50,75602,5526,52.793,50,-39.277,-36.463,FALSE
2022,6,2021,5,primary,stayer,4.3-4.9,1730,33.706,38.096,3.147,0.097,0.157,73121,5507,52.715,50,75602,5526,52.793,50,-19.009,-14.697,FALSE
2022,6,2021,5,primary,stayer,>=5.0,39,,,,,,73121,5507,52.715,50,75602,5526,52.793,50,,,TRUE
2022,7,2021,6,primary,exiter,<4.3,56,15.736,16.609,1.701,0.089,0.054,75391,5529,52.877,50,76792,5557,52.762,51,-37.141,-36.153,FALSE
2022,7,2021,6,primary,exiter,4.3-4.9,12,,,,,,75391,5529,52.877,50,76792,5557,52.762,51,,,TRUE
2022,7,2021,6,primary,exiter,>=5.0,68,68.716,66.712,-4.598,0.676,0.662,75391,5529,52.877,50,76792,5557,52.762,51,15.838,13.95,FALSE
2022,7,2021,6,primary,never_el,"",71866,53.363,53.703,-0.005,0.431,0.458,75391,5529,52.877,50,76792,5557,52.762,51,0.486,0.941,FALSE
2022,7,2021,6,primary,stayer,<4.3,4400,18.605,19.658,0.852,0.041,0.051,75391,5529,52.877,50,76792,5557,52.762,51,-34.272,-33.104,FALSE
2022,7,2021,6,primary,stayer,4.3-4.9,472,49.588,49.08,-0.355,0.292,0.352,75391,5529,52.877,50,76792,5557,52.762,51,-3.289,-3.682,FALSE
2022,8,2021,7,primary,exiter,<4.3,48,,,,,,77107,5554,52.487,50,78718,5567,52.803,51,,,TRUE
2022,8,2021,7,primary,exiter,4.3-4.9,10,,,,,,77107,5554,52.487,50,78718,5567,52.803,51,,,TRUE
2022,8,2021,7,primary,exiter,>=5.0,131,64.805,64.137,0.854,0.626,0.634,77107,5554,52.487,50,78718,5567,52.803,51,12.318,11.334,FALSE
2022,8,2021,7,primary,never_el,"",73334,53.462,53.238,0.005,0.444,0.464,77107,5554,52.487,50,78718,5567,52.803,51,0.975,0.435,FALSE
2022,8,2021,7,primary,stayer,<4.3,3925,17.553,18.189,1.205,0.028,0.046,77107,5554,52.487,50,78718,5567,52.803,51,-34.934,-34.614,FALSE
2022,8,2021,7,primary,stayer,4.3-4.9,606,43.037,45.091,0.116,0.223,0.274,77107,5554,52.487,50,78718,5567,52.803,51,-9.45,-7.712,FALSE
2023,4,2022,3,primary,exiter,<4.3,43,,,,,,70989,5445,52.291,,72584,5477,52.605,51,,,TRUE
2023,4,2022,3,primary,exiter,>=5.0,282,80.705,81.778,-1.333,0.865,0.848,70989,5445,52.291,,72584,5477,52.605,51,28.414,29.173,FALSE
2023,4,2022,3,primary,never_el,"",67999,53.277,53.056,-0.174,0.438,0.433,70989,5445,52.291,,72584,5477,52.605,51,0.986,0.451,FALSE
2023,4,2022,3,primary,stayer,<4.3,6181,24.132,25.48,0.726,0.104,0.119,70989,5445,52.291,,72584,5477,52.605,51,-28.158,-27.125,FALSE
2023,4,2022,3,primary,stayer,4.3-4.9,1195,64.123,64.526,0.507,0.598,0.59,70989,5445,52.291,,72584,5477,52.605,51,11.832,11.921,FALSE
2023,5,2022,4,primary,exiter,<4.3,30,,,,,,71980,5479,52.833,50,75013,5507,52.829,50,,,TRUE
2023,5,2022,4,primary,exiter,>=5.0,1612,64.07,65.063,0.31,0.589,0.594,71980,5479,52.833,50,75013,5507,52.829,50,11.236,12.234,FALSE
2023,5,2022,4,primary,never_el,"",69416,53.282,53.292,-0.107,0.443,0.432,71980,5479,52.833,50,75013,5507,52.829,50,0.449,0.464,FALSE
2023,5,2022,4,primary,stayer,<4.3,4065,14.899,16.913,1.717,0.019,0.034,71980,5479,52.833,50,75013,5507,52.829,50,-37.934,-35.915,FALSE
2023,5,2022,4,primary,stayer,4.3-4.9,2234,40.654,43.533,2.13,0.201,0.23,71980,5479,52.833,50,75013,5507,52.829,50,-12.179,-9.296,FALSE
2023,5,2022,4,primary,stayer,>=5.0,16,,,,,,71980,5479,52.833,50,75013,5507,52.829,50,,,TRUE
2023,6,2022,5,primary,exiter,<4.3,31,,,,,,73518,5509,52.722,50,75849,5529,52.723,50,,,TRUE
2023,6,2022,5,primary,exiter,>=5.0,1235,53.641,54.525,1.655,0.406,0.427,73518,5509,52.722,50,75849,5529,52.723,50,0.919,1.802,FALSE
2023,6,2022,5,primary,never_el,"",70526,53.641,53.637,-0.074,0.443,0.441,73518,5509,52.722,50,75849,5529,52.723,50,0.919,0.913,FALSE
2023,6,2022,5,primary,stayer,<4.3,3416,13.43,15.698,1.851,0.016,0.029,73518,5509,52.722,50,75849,5529,52.723,50,-39.292,-37.025,FALSE
2023,6,2022,5,primary,stayer,4.3-4.9,1846,35.61,37.337,2.139,0.125,0.16,73518,5509,52.722,50,75849,5529,52.723,50,-17.112,-15.386,FALSE
2023,6,2022,5,primary,stayer,>=5.0,20,,,,,,73518,5509,52.722,50,75849,5529,52.723,50,,,TRUE
2023,7,2022,6,primary,exiter,<4.3,50,13.576,19.105,0.308,0.02,0.04,75602,5526,52.793,50,76536,5550,52.553,50,-39.217,-33.448,FALSE
2023,7,2022,6,primary,exiter,>=5.0,54,75.106,72.536,-2.599,0.722,0.611,75602,5526,52.793,50,76536,5550,52.553,50,22.314,19.983,FALSE
2023,7,2022,6,primary,never_el,"",72263,53.716,53.476,0.01,0.423,0.428,75602,5526,52.793,50,76536,5550,52.553,50,0.924,0.923,FALSE
2023,7,2022,6,primary,stayer,<4.3,4680,19.361,19.952,0.645,0.038,0.044,75602,5526,52.793,50,76536,5550,52.553,50,-33.432,-32.601,FALSE
2023,7,2022,6,primary,stayer,4.3-4.9,637,49.539,48.416,-0.258,0.306,0.262,75602,5526,52.793,50,76536,5550,52.553,50,-3.253,-4.136,FALSE
2023,8,2022,7,primary,exiter,<4.3,43,,,,,,76792,5557,52.762,51,77866,5568,52.467,50,,,TRUE
2023,8,2022,7,primary,exiter,4.3-4.9,11,,,,,,76792,5557,52.762,51,77866,5568,52.467,50,,,TRUE
2023,8,2022,7,primary,exiter,>=5.0,134,63.952,64.44,1.804,0.634,0.604,76792,5557,52.762,51,77866,5568,52.467,50,11.19,11.973,FALSE
2023,8,2022,7,primary,never_el,"",73379,53.703,53.806,-0.05,0.461,0.474,76792,5557,52.762,51,77866,5568,52.467,50,0.941,1.339,FALSE
2023,8,2022,7,primary,stayer,<4.3,4567,17.366,18.299,0.837,0.033,0.052,76792,5557,52.762,51,77866,5568,52.467,50,-35.396,-34.168,FALSE
2023,8,2022,7,primary,stayer,4.3-4.9,703,44.099,47.587,2.158,0.27,0.35,76792,5557,52.762,51,77866,5568,52.467,50,-8.663,-4.88,FALSE
2024,4,2023,3,primary,exiter,<4.3,54,23.014,23.643,-0.686,0.074,0.056,73992,5443,52.334,,74190,5480,52.579,50,-29.319,-28.935,FALSE
2024,4,2023,3,primary,exiter,4.3-4.9,23,,,,,,73992,5443,52.334,,74190,5480,52.579,50,,,TRUE
2024,4,2023,3,primary,exiter,>=5.0,372,79.502,80.841,0.909,0.855,0.868,73992,5443,52.334,,74190,5480,52.579,50,27.169,28.263,FALSE
2024,4,2023,3,primary,never_el,"",70428,53.301,53.461,-0.023,0.429,0.45,73992,5443,52.334,,74190,5480,52.579,50,0.967,0.882,FALSE
2024,4,2023,3,primary,stayer,<4.3,6680,22.457,25.473,1.97,0.083,0.126,73992,5443,52.334,,74190,5480,52.579,50,-29.877,-27.106,FALSE
2024,4,2023,3,primary,stayer,4.3-4.9,1223,62.964,64.581,0.142,0.55,0.619,73992,5443,52.334,,74190,5480,52.579,50,10.63,12.002,FALSE
2024,5,2023,4,primary,exiter,<4.3,24,,,,,,72584,5477,52.605,51,74027,5507,52.683,50,,,TRUE
2024,5,2023,4,primary,exiter,>=5.0,1517,65.413,66.394,0.767,0.599,0.61,72584,5477,52.605,51,74027,5507,52.683,50,12.808,13.711,FALSE
2024,5,2023,4,primary,never_el,"",69304,53.496,53.501,0.05,0.435,0.436,72584,5477,52.605,51,74027,5507,52.683,50,0.891,0.818,FALSE
2024,5,2023,4,primary,stayer,<4.3,4226,14.646,17.181,1.981,0.023,0.04,72584,5477,52.605,51,74027,5507,52.683,50,-37.96,-35.502,FALSE
2024,5,2023,4,primary,stayer,4.3-4.9,2245,41.748,44.136,2.607,0.216,0.252,72584,5477,52.605,51,74027,5507,52.683,50,-10.857,-8.547,FALSE
2024,5,2023,4,primary,stayer,>=5.0,16,,,,,,72584,5477,52.605,51,74027,5507,52.683,50,,,TRUE
2024,6,2023,5,primary,exiter,<4.3,22,,,,,,75013,5507,52.829,50,76106,5530,52.902,50,,,TRUE
2024,6,2023,5,primary,exiter,4.3-4.9,17,,,,,,75013,5507,52.829,50,76106,5530,52.902,50,,,TRUE
2024,6,2023,5,primary,exiter,>=5.0,1132,53.728,57.733,1.859,0.386,0.477,75013,5507,52.829,50,76106,5530,52.902,50,0.899,4.832,FALSE
2024,6,2023,5,primary,never_el,"",71592,53.728,53.746,0.091,0.438,0.447,75013,5507,52.829,50,76106,5530,52.902,50,0.899,0.845,FALSE
2024,6,2023,5,primary,stayer,<4.3,3768,13.066,15.886,2.509,0.01,0.034,75013,5507,52.829,50,76106,5530,52.902,50,-39.762,-37.016,FALSE
2024,6,2023,5,primary,stayer,4.3-4.9,1975,35.755,39.145,3.593,0.122,0.193,75013,5507,52.829,50,76106,5530,52.902,50,-17.074,-13.756,FALSE
2024,6,2023,5,primary,stayer,>=5.0,10,,,,,,75013,5507,52.829,50,76106,5530,52.902,50,,,TRUE
2024,7,2023,6,primary,exiter,<4.3,66,10.887,16.355,3.444,0.015,0.045,75849,5529,52.723,50,75859,5556,53.046,50,-41.837,-36.691,FALSE
2024,7,2023,6,primary,exiter,4.3-4.9,12,,,,,,75849,5529,52.723,50,75859,5556,53.046,50,,,TRUE
2024,7,2023,6,primary,exiter,>=5.0,48,,,,,,75849,5529,52.723,50,75859,5556,53.046,50,,,TRUE
2024,7,2023,6,primary,never_el,"",72225,53.637,53.968,0.155,0.443,0.455,75849,5529,52.723,50,75859,5556,53.046,50,0.913,0.922,FALSE
2024,7,2023,6,primary,stayer,<4.3,5083,19.208,20.5,1.006,0.042,0.057,75849,5529,52.723,50,75859,5556,53.046,50,-33.515,-32.546,FALSE
2024,7,2023,6,primary,stayer,4.3-4.9,593,49.539,50.347,0.496,0.341,0.379,75849,5529,52.723,50,75859,5556,53.046,50,-3.184,-2.699,FALSE
2024,8,2023,7,primary,exiter,<4.3,55,17.682,15.194,-1.817,0.018,0.018,76536,5550,52.553,50,76613,5565,52.782,50,-34.871,-37.588,FALSE
2024,8,2023,7,primary,exiter,>=5.0,103,65.364,72.926,3.633,0.641,0.748,76536,5550,52.553,50,76613,5565,52.782,50,12.811,20.144,FALSE
2024,8,2023,7,primary,never_el,"",72783,53.952,53.975,0.17,0.431,0.464,76536,5550,52.553,50,76613,5565,52.782,50,1.4,1.193,FALSE
2024,8,2023,7,primary,stayer,<4.3,4987,18.244,19.575,1.354,0.032,0.065,76536,5550,52.553,50,76613,5565,52.782,50,-34.309,-33.206,FALSE
2024,8,2023,7,primary,stayer,4.3-4.9,715,49.734,51.961,2.078,0.266,0.41,76536,5550,52.553,50,76613,5565,52.782,50,-2.819,-0.821,FALSE
2025,4,2024,3,primary,exiter,<4.3,45,,,,,,73219,5442,52.836,,73179,5480,53.151,50,,,TRUE
2025,4,2024,3,primary,exiter,4.3-4.9,223,69.347,66.456,-1.795,0.65,0.659,73219,5442,52.836,,73179,5480,53.151,50,16.511,13.305,FALSE
2025,4,2024,3,primary,exiter,>=5.0,419,80.822,81.127,0.156,0.847,0.864,73219,5442,52.836,,73179,5480,53.151,50,27.987,27.975,FALSE
2025,4,2024,3,primary,never_el,"",69602,53.822,53.575,-0.255,0.42,0.447,73219,5442,52.836,,73179,5480,53.151,50,0.986,0.424,FALSE
2025,4,2024,3,primary,stayer,<4.3,6858,21.092,24.272,2.216,0.071,0.111,73219,5442,52.836,,73179,5480,53.151,50,-31.743,-28.879,FALSE
2025,4,2024,3,primary,stayer,4.3-4.9,1062,61.673,62.202,0.588,0.502,0.561,73219,5442,52.836,,73179,5480,53.151,50,8.837,9.05,FALSE
2025,5,2024,4,primary,exiter,<4.3,24,,,,,,74190,5480,52.579,50,75457,5509,53.371,50,,,TRUE
2025,5,2024,4,primary,exiter,4.3-4.9,236,53.905,50.761,-3.75,0.415,0.364,74190,5480,52.579,50,75457,5509,53.371,50,1.326,-2.61,FALSE
2025,5,2024,4,primary,exiter,>=5.0,1559,66.379,66.299,0.426,0.65,0.64,74190,5480,52.579,50,75457,5509,53.371,50,13.8,12.928,FALSE
2025,5,2024,4,primary,never_el,"",70824,53.905,53.371,-0.165,0.453,0.442,74190,5480,52.579,50,75457,5509,53.371,50,1.326,0,FALSE
2025,5,2024,4,primary,stayer,<4.3,4905,14.229,16.254,1.802,0.02,0.042,74190,5480,52.579,50,75457,5509,53.371,50,-38.35,-37.118,FALSE
2025,5,2024,4,primary,stayer,4.3-4.9,2068,41.949,43.789,1.792,0.215,0.242,74190,5480,52.579,50,75457,5509,53.371,50,-10.63,-9.583,FALSE
2025,5,2024,4,primary,stayer,>=5.0,14,,,,,,74190,5480,52.579,50,75457,5509,53.371,50,,,TRUE
2025,6,2024,5,primary,exiter,<4.3,43,,,,,,74027,5507,52.683,50,75045,5528,53.146,50,,,TRUE
2025,6,2024,5,primary,exiter,4.3-4.9,175,49.209,46.388,-4.549,0.257,0.24,74027,5507,52.683,50,75045,5528,53.146,50,-3.474,-6.758,FALSE
2025,6,2024,5,primary,exiter,>=5.0,1216,54.361,57.645,2.074,0.402,0.465,74027,5507,52.683,50,75045,5528,53.146,50,1.678,4.499,FALSE
2025,6,2024,5,primary,never_el,"",70595,53.92,53.547,-0.142,0.441,0.44,74027,5507,52.683,50,75045,5528,53.146,50,1.237,0.401,FALSE
2025,6,2024,5,primary,stayer,<4.3,4024,11.211,15.587,3.032,0.01,0.023,74027,5507,52.683,50,75045,5528,53.146,50,-41.471,-37.559,FALSE
2025,6,2024,5,primary,stayer,4.3-4.9,1856,34.759,38.107,2.623,0.119,0.182,74027,5507,52.683,50,75045,5528,53.146,50,-17.924,-15.039,FALSE
2025,6,2024,5,primary,stayer,>=5.0,18,,,,,,74027,5507,52.683,50,75045,5528,53.146,50,,,TRUE
2025,7,2024,6,primary,exiter,<4.3,53,21.64,17.711,-0.499,0.057,0.057,76106,5530,52.902,50,75676,5547,53.424,50,-31.262,-35.713,FALSE
2025,7,2024,6,primary,exiter,4.3-4.9,94,61.106,59.979,-4.138,0.574,0.436,76106,5530,52.902,50,75676,5547,53.424,50,8.204,6.555,FALSE
2025,7,2024,6,primary,exiter,>=5.0,84,67.292,68.821,-0.135,0.702,0.619,76106,5530,52.902,50,75676,5547,53.424,50,14.391,15.397,FALSE
2025,7,2024,6,primary,never_el,"",72313,54.172,53.883,-0.077,0.45,0.415,76106,5530,52.902,50,75676,5547,53.424,50,1.27,0.459,FALSE
2025,7,2024,6,primary,stayer,<4.3,5664,17.672,19.65,1.451,0.045,0.04,76106,5530,52.902,50,75676,5547,53.424,50,-35.23,-33.773,FALSE
2025,7,2024,6,primary,stayer,4.3-4.9,641,49.293,47.079,-1.594,0.32,0.276,76106,5530,52.902,50,75676,5547,53.424,50,-3.609,-6.344,FALSE
2025,8,2024,7,primary,exiter,<4.3,46,,,,,,75859,5556,53.046,50,75518,5566,53.033,50,,,TRUE
2025,8,2024,7,primary,exiter,4.3-4.9,94,56.871,58.121,-0.883,0.479,0.543,75859,5556,53.046,50,75518,5566,53.033,50,3.825,5.088,FALSE
2025,8,2024,7,primary,exiter,>=5.0,142,69.071,68.549,-0.686,0.768,0.711,75859,5556,53.046,50,75518,5566,53.033,50,16.025,15.516,FALSE
2025,8,2024,7,primary,never_el,"",72042,53.968,53.854,-0.251,0.458,0.464,75859,5556,53.046,50,75518,5566,53.033,50,0.922,0.821,FALSE
2025,8,2024,7,primary,stayer,<4.3,5364,16.619,19.44,2.259,0.036,0.068,75859,5556,53.046,50,75518,5566,53.033,50,-36.428,-33.593,FALSE
2025,8,2024,7,primary,stayer,4.3-4.9,770,46.339,46.372,0.892,0.273,0.342,75859,5556,53.046,50,75518,5566,53.033,50,-6.707,-6.661,FALSE
2026,4,2025,3,ranks_only,exiter,<4.3,31,,,,,,74811,5445,52.851,,,,,,,,TRUE
2026,4,2025,3,ranks_only,exiter,4.3-4.9,430,64.107,66.478,2.452,0.623,,74811,5445,52.851,,,,,,11.256,,FALSE
2026,4,2025,3,ranks_only,exiter,>=5.0,458,78.283,79.129,0.072,0.828,,74811,5445,52.851,,,,,,25.432,,FALSE
2026,4,2025,3,ranks_only,never_el,"",69394,55.18,53.412,-1.673,0.451,,74811,5445,52.851,,,,,,2.329,,FALSE
2026,4,2025,3,ranks_only,stayer,<4.3,6623,22.561,23.239,0.762,0.083,,74811,5445,52.851,,,,,,-30.29,,FALSE
2026,4,2025,3,ranks_only,stayer,4.3-4.9,1143,57.64,60.085,3.552,0.468,,74811,5445,52.851,,,,,,4.789,,FALSE
2026,5,2025,4,ranks_only,exiter,<4.3,29,,,,,,73179,5480,53.151,50,,,,,,,TRUE
2026,5,2025,4,ranks_only,exiter,4.3-4.9,297,54.009,51.84,-2.156,0.407,,73179,5480,53.151,50,,,,,0.858,,FALSE
2026,5,2025,4,ranks_only,exiter,>=5.0,1583,61.376,64.582,2.143,0.544,,73179,5480,53.151,50,,,,,8.225,,FALSE
2026,5,2025,4,ranks_only,never_el,"",70188,54.009,53.453,-0.558,0.451,,73179,5480,53.151,50,,,,,0.858,,FALSE
2026,5,2025,4,ranks_only,stayer,<4.3,4729,13.7,15.005,1.475,0.02,,73179,5480,53.151,50,,,,,-39.452,,FALSE
2026,5,2025,4,ranks_only,stayer,4.3-4.9,2038,37.195,42.027,4.441,0.152,,73179,5480,53.151,50,,,,,-15.956,,FALSE
2026,5,2025,4,ranks_only,stayer,>=5.0,12,,,,,,73179,5480,53.151,50,,,,,,,TRUE
2026,6,2025,5,ranks_only,exiter,<4.3,44,,,,,,75457,5509,53.371,50,,,,,,,TRUE
2026,6,2025,5,ranks_only,exiter,4.3-4.9,196,51.553,48.686,-2.691,0.332,,75457,5509,53.371,50,,,,,-1.818,,FALSE
2026,6,2025,5,ranks_only,exiter,>=5.0,1311,51.368,56.654,3.796,0.354,,75457,5509,53.371,50,,,,,-2.004,,FALSE
2026,6,2025,5,ranks_only,never_el,"",72226,54.199,53.435,-0.431,0.447,,75457,5509,53.371,50,,,,,0.828,,FALSE
2026,6,2025,5,ranks_only,stayer,<4.3,4234,11.84,12.877,0.859,0.013,,75457,5509,53.371,50,,,,,-41.532,,FALSE
2026,6,2025,5,ranks_only,stayer,4.3-4.9,1861,32.414,37.126,4.457,0.103,,75457,5509,53.371,50,,,,,-20.957,,FALSE
2026,7,2025,6,ranks_only,exiter,<4.3,52,11.803,12.894,-0.299,0.019,,75045,5528,53.146,50,,,,,-41.343,,FALSE
2026,7,2025,6,ranks_only,exiter,4.3-4.9,117,58.06,55.576,-8.285,0.47,,75045,5528,53.146,50,,,,,4.914,,FALSE
2026,7,2025,6,ranks_only,exiter,>=5.0,85,76.215,71.078,-3.745,0.753,,75045,5528,53.146,50,,,,,23.069,,FALSE
2026,7,2025,6,ranks_only,never_el,"",71654,53.971,54.038,-0.45,0.443,,75045,5528,53.146,50,,,,,0.825,,FALSE
2026,7,2025,6,ranks_only,stayer,<4.3,5586,17.854,18.21,0.723,0.033,,75045,5528,53.146,50,,,,,-35.292,,FALSE
2026,7,2025,6,ranks_only,stayer,4.3-4.9,609,48.475,49.462,0.844,0.31,,75045,5528,53.146,50,,,,,-4.671,,FALSE
2026,8,2025,7,ranks_only,exiter,<4.3,75,16.074,12.32,-2.457,0.053,,75676,5547,53.424,50,,,,,-37.35,,FALSE
2026,8,2025,7,ranks_only,exiter,4.3-4.9,157,53.883,54.593,1.989,0.376,,75676,5547,53.424,50,,,,,0.459,,FALSE
2026,8,2025,7,ranks_only,exiter,>=5.0,182,65.423,66.576,1.738,0.61,,75676,5547,53.424,50,,,,,11.999,,FALSE
2026,8,2025,7,ranks_only,never_el,"",72292,54.319,53.699,-0.453,0.418,,75676,5547,53.424,50,,,,,0.895,,FALSE
2026,8,2025,7,ranks_only,stayer,<4.3,5731,16.882,18.639,1.055,0.021,,75676,5547,53.424,50,,,,,-36.542,,FALSE
2026,8,2025,7,ranks_only,stayer,4.3-4.9,829,45.469,49.934,4.272,0.181,,75676,5547,53.424,50,,,,,-7.955,,FALSE
