YEAR,GRADE,WIDA_LEVEL,n,kendall,ilearn_pctile_median,p_ilearn_proficient
2018,3,WIDA Level 1,317,0.0443,10.7955,0.0095
2018,3,WIDA Level 2,1482,0.1598,23.4433,0.0148
2018,3,WIDA Level 3,3295,0.2677,52.1793,0.1542
2018,3,WIDA Level 4,639,0.0587,77.1015,0.4507
2018,3,WIDA Level 4.3,611,0.1231,87.5156,0.6972
2018,3,WIDA Level 5,78,0.0758,95.7737,0.9103
2018,4,WIDA Level 1,345,0.1503,8.9111,0.0145
2018,4,WIDA Level 2,913,0.1665,20.3136,0.0099
2018,4,WIDA Level 3,2801,0.2259,48.8589,0.086
2018,4,WIDA Level 4,784,0.1141,69.0418,0.2156
2018,4,WIDA Level 4.3,797,0.1141,82.1254,0.4228
2018,4,WIDA Level 5,98,0.1219,91.6289,0.6429
2018,5,WIDA Level 1,147,0.1717,9.8015,0.0136
2018,5,WIDA Level 2,269,0.0296,17.771,0.0297
2018,5,WIDA Level 3,1411,0.2239,39.7252,0.0191
2018,5,WIDA Level 4,591,0.077,59.1603,0.0508
2018,5,WIDA Level 4.3,727,0.1857,77.5878,0.1733
2018,5,WIDA Level 5,121,0.1256,90.8244,0.4463
2018,6,WIDA Level 1,158,0.0944,13.813,0
2018,6,WIDA Level 2,253,0.1213,21.4253,0.004
2018,6,WIDA Level 3,862,0.1881,41.9482,0.0151
2018,6,WIDA Level 4,330,0.0824,62.5868,0.0576
2018,6,WIDA Level 4.3,464,0.1624,75.081,0.1358
2018,6,WIDA Level 5,86,0.2581,92.6307,0.4651
2018,7,WIDA Level 1,188,0.1786,11.9871,0
2018,7,WIDA Level 2,477,0.2075,27.2862,0.0042
2018,7,WIDA Level 3,969,0.2014,54.9679,0.0258
2018,7,WIDA Level 4,196,0.0877,76.3223,0.1633
2018,7,WIDA Level 4.3,170,0.224,87.259,0.2765
2018,7,WIDA Level 5,21,,,
2018,8,WIDA Level 1,229,0.1159,11.2302,0
2018,8,WIDA Level 2,463,0.1379,27.2817,0.0065
2018,8,WIDA Level 3,1089,0.2052,50.0198,0.0376
2018,8,WIDA Level 4,370,0.0958,69.4841,0.1054
2018,8,WIDA Level 4.3,319,0.1814,83.0754,0.2414
2018,8,WIDA Level 5,45,,,
2019,3,WIDA Level 1,274,0.1371,11.5555,0.0036
2019,3,WIDA Level 2,1250,0.154,21.5799,0.0256
2019,3,WIDA Level 3,3633,0.2622,47.8821,0.1836
2019,3,WIDA Level 4,785,0.165,72.5816,0.4917
2019,3,WIDA Level 4.3,912,0.1728,85.8042,0.7533
2019,3,WIDA Level 5,131,0.2048,93.8967,0.916
2019,4,WIDA Level 1,301,0.0223,10.5716,0.0166
2019,4,WIDA Level 2,789,0.1161,17.301,0.0089
2019,4,WIDA Level 3,3224,0.2419,41.411,0.1005
2019,4,WIDA Level 4,1021,0.0599,66.6281,0.3193
2019,4,WIDA Level 4.3,1337,0.1735,78.4298,0.5176
2019,4,WIDA Level 5,234,0.0921,92.1165,0.8034
2019,5,WIDA Level 1,117,0.0838,8.4203,0
2019,5,WIDA Level 2,258,0.0813,11.078,0.0194
2019,5,WIDA Level 3,1602,0.2223,26.6435,0.0287
2019,5,WIDA Level 4,947,0.0583,44.7094,0.076
2019,5,WIDA Level 4.3,2090,0.1319,61.5582,0.2392
2019,5,WIDA Level 5,929,0.1429,82.2156,0.5371
2019,5,WIDA Level 6,95,0.1817,94.4527,0.8632
2019,6,WIDA Level 1,131,0.0838,11.1491,0.0076
2019,6,WIDA Level 2,245,0.0595,16.1106,0.0082
2019,6,WIDA Level 3,1088,0.1681,33.0268,0.0193
2019,6,WIDA Level 4,531,0.0657,50.3564,0.0527
2019,6,WIDA Level 4.3,1045,0.1115,64.7705,0.1244
2019,6,WIDA Level 5,430,0.1646,83.2193,0.3651
2019,6,WIDA Level 6,36,,,
2019,7,WIDA Level 1,187,0.0233,15.5137,0.0053
2019,7,WIDA Level 2,463,0.0846,25.6652,0.0043
2019,7,WIDA Level 3,1213,0.2168,52.0467,0.047
2019,7,WIDA Level 4,279,0.0789,71.5923,0.1362
2019,7,WIDA Level 4.3,265,0.3066,86.4511,0.3811
2019,7,WIDA Level 5,34,,,
2019,8,WIDA Level 1,216,0.1324,14.6263,0.0093
2019,8,WIDA Level 2,452,0.1404,25.1933,0.0022
2019,8,WIDA Level 3,1043,0.1983,49.7208,0.0326
2019,8,WIDA Level 4,272,0.2346,72.4119,0.136
2019,8,WIDA Level 4.3,288,0.1946,84.7938,0.3438
2019,8,WIDA Level 5,52,0.2184,96.9072,0.8077
2021,3,WIDA Level 1,514,0.0821,13.135,0.0039
2021,3,WIDA Level 2,1397,0.1424,23.5189,0.0072
2021,3,WIDA Level 3,3481,0.2462,47.9549,0.1083
2021,3,WIDA Level 4,791,0.0739,71.3221,0.3692
2021,3,WIDA Level 4.3,1143,0.1915,83.606,0.5757
2021,3,WIDA Level 5,247,0.0778,93.4226,0.7935
2021,4,WIDA Level 1,489,0.1264,12.0664,0
2021,4,WIDA Level 2,812,0.0772,17.7782,0.0099
2021,4,WIDA Level 3,2817,0.2386,39.6947,0.049
2021,4,WIDA Level 4,1102,0.1014,61.1691,0.216
2021,4,WIDA Level 4.3,1771,0.188,76.5167,0.4404
2021,4,WIDA Level 5,466,0.0944,90.3576,0.7296
2021,5,WIDA Level 1,259,0.0719,7.8755,0
2021,5,WIDA Level 2,310,-4e-04,12.1829,0.0097
2021,5,WIDA Level 3,1783,0.2041,25.9327,0.0157
2021,5,WIDA Level 4,1055,0.0923,42.2127,0.0531
2021,5,WIDA Level 4.3,2407,0.1767,59.8426,0.1786
2021,5,WIDA Level 5,1343,0.2009,81.1694,0.487
2021,5,WIDA Level 6,213,0.2104,94.0171,0.8216
2021,6,WIDA Level 1,273,0.0102,8.888,0
2021,6,WIDA Level 2,326,0.1318,11.9805,0.0031
2021,6,WIDA Level 3,1444,0.2037,28.9123,0.0097
2021,6,WIDA Level 4,857,0.0722,45.9578,0.0502
2021,6,WIDA Level 4.3,2046,0.1611,62.1753,0.1359
2021,6,WIDA Level 5,1097,0.1219,79.8539,0.3409
2021,6,WIDA Level 6,116,0.1725,92.1307,0.6293
2021,7,WIDA Level 1,288,0.0424,11.6291,0
2021,7,WIDA Level 2,638,0.1521,19.2802,0
2021,7,WIDA Level 3,2380,0.2167,47.2848,0.0307
2021,7,WIDA Level 4,754,0.0554,71.1429,0.1207
2021,7,WIDA Level 4.3,623,0.1645,79.5517,0.244
2021,7,WIDA Level 5,65,0.1872,94.0855,0.6154
2021,8,WIDA Level 1,341,0.1371,13.1183,0
2021,8,WIDA Level 2,647,0.13,27.0019,0.0015
2021,8,WIDA Level 3,1587,0.2187,50.4099,0.0227
2021,8,WIDA Level 4,458,0.0841,67.3271,0.0873
2021,8,WIDA Level 4.3,529,0.0995,83.8344,0.2533
2021,8,WIDA Level 5,94,0.1415,95.4906,0.6702
2022,3,WIDA Level 1,618,0.1083,14.5674,0.0049
2022,3,WIDA Level 2,1723,0.1652,26.2296,0.0197
2022,3,WIDA Level 3,3289,0.2657,54.5144,0.1925
2022,3,WIDA Level 4,630,0.101,76.4944,0.473
2022,3,WIDA Level 4.3,791,0.1598,87.7665,0.708
2022,3,WIDA Level 5,123,0.1041,95.1303,0.878
2022,4,WIDA Level 1,572,0.082,11.6524,0.0052
2022,4,WIDA Level 2,1154,0.1496,22.5411,0.0087
2022,4,WIDA Level 3,3337,0.2488,46.0105,0.1073
2022,4,WIDA Level 4,958,0.1341,68.3739,0.334
2022,4,WIDA Level 4.3,1332,0.1862,81.7314,0.5698
2022,4,WIDA Level 5,239,0.0861,92.6662,0.8201
2022,5,WIDA Level 1,271,0.1004,7.8944,0
2022,5,WIDA Level 2,476,0.0896,12.9619,0.0042
2022,5,WIDA Level 3,2167,0.2444,29.9435,0.0351
2022,5,WIDA Level 4,1032,0.0771,49.3519,0.1047
2022,5,WIDA Level 4.3,2027,0.1709,64.9959,0.2694
2022,5,WIDA Level 5,1095,0.1583,82.1704,0.5763
2022,5,WIDA Level 6,183,0.2043,91.5954,0.8197
2022,6,WIDA Level 1,243,0.0331,7.8167,0
2022,6,WIDA Level 2,400,0.0639,16.225,0
2022,6,WIDA Level 3,1737,0.1859,33.1667,0.0127
2022,6,WIDA Level 4,829,0.0595,48.7667,0.0555
2022,6,WIDA Level 4.3,1754,0.1459,65.4417,0.1585
2022,6,WIDA Level 5,934,0.1623,79.95,0.3662
2022,6,WIDA Level 6,102,0.1829,92.7292,0.6275
2022,7,WIDA Level 1,248,0.0649,11.0116,0
2022,7,WIDA Level 2,796,0.1841,20.5963,0.0038
2022,7,WIDA Level 3,2888,0.2328,50.8463,0.0416
2022,7,WIDA Level 4,591,0.0596,73.1746,0.1794
2022,7,WIDA Level 4.3,489,0.1815,85.6327,0.3456
2022,7,WIDA Level 5,66,0.2214,95.1683,0.6515
2022,8,WIDA Level 1,317,0.0857,10.6354,0
2022,8,WIDA Level 2,751,0.1616,21.5288,0.0027
2022,8,WIDA Level 3,2438,0.2315,48.5764,0.0394
2022,8,WIDA Level 4,575,0.0227,71.0233,0.1461
2022,8,WIDA Level 4.3,628,0.1197,81.2152,0.2723
2022,8,WIDA Level 5,127,0.1905,94.2129,0.6299
2022,8,WIDA Level 6,10,,,
2023,3,WIDA Level 1,785,0.0737,14.6585,0.0166
2023,3,WIDA Level 2,1890,0.1996,25.8634,0.0175
2023,3,WIDA Level 3,3681,0.2924,56.6946,0.1701
2023,3,WIDA Level 4,604,0.055,79.5619,0.4934
2023,3,WIDA Level 4.3,686,0.1414,88.6147,0.7289
2023,3,WIDA Level 5,106,0.1561,96.6269,0.9151
2023,4,WIDA Level 1,740,0.0445,13.7971,0.0081
2023,4,WIDA Level 2,1291,0.1503,22.1477,0.0062
2023,4,WIDA Level 3,3284,0.279,48.9352,0.1203
2023,4,WIDA Level 4,942,0.0857,69.9987,0.3599
2023,4,WIDA Level 4.3,1200,0.1281,81.9179,0.59
2023,4,WIDA Level 5,278,0.1636,93.7726,0.8525
2023,4,WIDA Level 6,12,,,
2023,5,WIDA Level 1,367,0.132,8.2687,0.0027
2023,5,WIDA Level 2,562,0.0725,13.176,0.0036
2023,5,WIDA Level 3,2110,0.2126,28.2737,0.0246
2023,5,WIDA Level 4,1072,0.0942,47.5651,0.0793
2023,5,WIDA Level 4.3,2245,0.1583,64.0648,0.2303
2023,5,WIDA Level 5,1315,0.1807,81.2531,0.5338
2023,5,WIDA Level 6,316,0.1839,93.6968,0.8386
2023,6,WIDA Level 1,401,0.0199,9.2277,0.0025
2023,6,WIDA Level 2,439,0.0465,13.2943,0.0046
2023,6,WIDA Level 3,1726,0.1856,31.3925,0.0191
2023,6,WIDA Level 4,899,0.0765,50.5093,0.0712
2023,6,WIDA Level 4.3,1855,0.1331,62.557,0.1601
2023,6,WIDA Level 5,1089,0.1937,80.7692,0.3958
2023,6,WIDA Level 6,168,0.2053,93.6227,0.6488
2023,7,WIDA Level 1,330,-0.014,11.9113,0
2023,7,WIDA Level 2,731,0.1457,20.8723,0.0014
2023,7,WIDA Level 3,2976,0.2507,48.7814,0.0323
2023,7,WIDA Level 4,720,0.0654,71.9809,0.1528
2023,7,WIDA Level 4.3,644,0.1611,83.8556,0.2624
2023,7,WIDA Level 5,52,0.1128,95.7944,0.5962
2023,8,WIDA Level 1,412,0.1683,10.7292,0.0024
2023,8,WIDA Level 2,828,0.1652,21.7858,0.006
2023,8,WIDA Level 3,2701,0.2581,48.8271,0.047
2023,8,WIDA Level 4,702,0.0868,70.2582,0.1553
2023,8,WIDA Level 4.3,721,0.1813,83.6152,0.3495
2023,8,WIDA Level 5,127,0.1847,92.6987,0.5827
2024,3,WIDA Level 1,799,0.1035,13.2067,0.01
2024,3,WIDA Level 2,1975,0.1942,27.1706,0.0218
2024,3,WIDA Level 3,3736,0.3001,56.4361,0.1743
2024,3,WIDA Level 4,580,0.151,80.4171,0.5224
2024,3,WIDA Level 4.3,699,0.1802,87.8597,0.701
2024,3,WIDA Level 5,122,0.088,96.6589,0.9262
2024,3,WIDA Level 6,12,,,
2024,4,WIDA Level 1,862,0.0627,12.822,0.0035
2024,4,WIDA Level 2,1452,0.1397,22.1553,0.011
2024,4,WIDA Level 3,3519,0.2783,49.4692,0.1344
2024,4,WIDA Level 4,919,0.0658,70.4854,0.3896
2024,4,WIDA Level 4.3,1253,0.2034,82.0193,0.6193
2024,4,WIDA Level 5,369,0.1184,92.8137,0.8672
2024,5,WIDA Level 1,419,0.0835,9.6209,0.0048
2024,5,WIDA Level 2,619,0.0702,14.7503,0.0081
2024,5,WIDA Level 3,2177,0.2506,29.5812,0.0239
2024,5,WIDA Level 4,1058,0.1261,48.222,0.1049
2024,5,WIDA Level 4.3,2259,0.1534,63.9636,0.2528
2024,5,WIDA Level 5,1299,0.1449,81.9663,0.5589
2024,5,WIDA Level 6,239,0.128,93.9103,0.8912
2024,6,WIDA Level 1,491,0.0622,10.9775,0
2024,6,WIDA Level 2,560,0.057,16.7506,0.0054
2024,6,WIDA Level 3,1832,0.2074,33.2997,0.03
2024,6,WIDA Level 4,921,0.0846,50.6407,0.0771
2024,6,WIDA Level 4.3,1996,0.1616,65.6925,0.1944
2024,6,WIDA Level 5,1051,0.1544,82.5295,0.4491
2024,6,WIDA Level 6,94,0.1535,92.9888,0.7553
2024,7,WIDA Level 1,489,0.1207,11.5088,0
2024,7,WIDA Level 2,915,0.115,23.0433,0.0055
2024,7,WIDA Level 3,3048,0.2396,51.6099,0.0512
2024,7,WIDA Level 4,729,0.0755,72.3583,0.1811
2024,7,WIDA Level 4.3,607,0.1617,84.6121,0.3822
2024,7,WIDA Level 5,49,,,
2024,8,WIDA Level 1,612,0.1108,11.4852,0
2024,8,WIDA Level 2,914,0.1497,24.5823,0.0044
2024,8,WIDA Level 3,2823,0.2411,50.27,0.062
2024,8,WIDA Level 4,740,0.0502,72.903,0.2014
2024,8,WIDA Level 4.3,727,0.1674,84.8523,0.4154
2024,8,WIDA Level 5,107,0.0529,95.8987,0.757
2025,3,WIDA Level 1,1085,0.0419,16.1753,0.0065
2025,3,WIDA Level 2,2156,0.1717,27.8031,0.026
2025,3,WIDA Level 3,3858,0.2691,57.4502,0.1874
2025,3,WIDA Level 4,693,0.0448,77.9738,0.469
2025,3,WIDA Level 4.3,835,0.1524,86.5851,0.685
2025,3,WIDA Level 5,150,0.1367,94.9175,0.8733
2025,4,WIDA Level 1,1057,0.0582,16.3369,0.0057
2025,4,WIDA Level 2,1395,0.0956,23.6261,0.0229
2025,4,WIDA Level 3,3494,0.2478,49.086,0.1139
2025,4,WIDA Level 4,984,0.0934,69.2931,0.3323
2025,4,WIDA Level 4.3,1288,0.1575,81.7829,0.5776
2025,4,WIDA Level 5,407,0.1469,93.2778,0.8624
2025,4,WIDA Level 6,17,,,
2025,5,WIDA Level 1,721,0.0532,14.3051,0.0042
2025,5,WIDA Level 2,814,0.0371,17.3717,0.0012
2025,5,WIDA Level 3,2433,0.1993,34.3584,0.0337
2025,5,WIDA Level 4,977,0.0571,52.2709,0.1208
2025,5,WIDA Level 4.3,2309,0.168,65.7776,0.2547
2025,5,WIDA Level 5,1325,0.161,83.7128,0.5947
2025,5,WIDA Level 6,249,0.1325,93.8781,0.8795
2025,6,WIDA Level 1,724,0.1066,14.1585,0.0014
2025,6,WIDA Level 2,659,0.0828,20.1468,0.003
2025,6,WIDA Level 3,1878,0.1684,35.5968,0.0181
2025,6,WIDA Level 4,824,0.0349,52.6917,0.0704
2025,6,WIDA Level 4.3,2035,0.1528,65.851,0.1872
2025,6,WIDA Level 5,1108,0.1601,82.708,0.435
2025,6,WIDA Level 6,127,0.0793,94.7526,0.7323
2025,7,WIDA Level 1,778,0.0603,17.0018,0
2025,7,WIDA Level 2,1149,0.1254,27.3461,0.007
2025,7,WIDA Level 3,3045,0.2244,53.0393,0.0371
2025,7,WIDA Level 4,768,0.0728,73.3699,0.138
2025,7,WIDA Level 4.3,738,0.1332,82.9144,0.2967
2025,7,WIDA Level 5,81,0.1993,94.8507,0.6049
2025,8,WIDA Level 1,859,0.1045,16.5791,0
2025,8,WIDA Level 2,1097,0.1098,27.7013,0.0055
2025,8,WIDA Level 3,2702,0.2247,52.1989,0.0725
2025,8,WIDA Level 4,801,0.0134,72.4842,0.211
2025,8,WIDA Level 4.3,865,0.1662,81.651,0.3642
2025,8,WIDA Level 5,140,0.1579,93.6544,0.7
2026,3,WIDA Level 1,1164,0.172,12.7267,0
2026,3,WIDA Level 2,2217,0.2038,28.5293,0
2026,3,WIDA Level 3,3800,0.2711,57.1421,0
2026,3,WIDA Level 4,701,0.1066,77.1943,0
2026,3,WIDA Level 4.3,896,0.1578,86.2721,0
2026,3,WIDA Level 5,202,0.0815,93.1027,0
2026,4,WIDA Level 1,1071,0.1614,11.5349,0
2026,4,WIDA Level 2,1211,0.1264,23.4822,0
2026,4,WIDA Level 3,3344,0.2259,47.606,0
2026,4,WIDA Level 4,1063,0.1102,66.5521,0
2026,4,WIDA Level 4.3,1578,0.1432,78.299,0
2026,4,WIDA Level 5,444,0.1722,90.1088,0
2026,4,WIDA Level 6,18,,,
2026,5,WIDA Level 1,663,0.0773,9.9507,0
2026,5,WIDA Level 2,942,0.065,17.3205,0
2026,5,WIDA Level 3,2170,0.2371,34.5836,0
2026,5,WIDA Level 4,1001,0.0619,50.8546,0
2026,5,WIDA Level 4.3,2343,0.148,65.4852,0
2026,5,WIDA Level 5,1335,0.1881,82.1003,0
2026,5,WIDA Level 6,263,0.166,92.9571,0
2026,6,WIDA Level 1,785,0.1068,11.4278,0
2026,6,WIDA Level 2,782,0.1132,19.9401,0
2026,6,WIDA Level 3,1889,0.1721,35.5981,0
2026,6,WIDA Level 4,840,0.0596,52.9676,0
2026,6,WIDA Level 4.3,2065,0.1221,66.9595,0
2026,6,WIDA Level 5,1134,0.1715,82.0903,0
2026,6,WIDA Level 6,187,0.1125,92.991,0
2026,7,WIDA Level 1,758,0.1059,13.0128,0
2026,7,WIDA Level 2,1182,0.1691,25.2727,0
2026,7,WIDA Level 3,2971,0.2547,52.6348,0
2026,7,WIDA Level 4,781,0.0967,74.8733,0
2026,7,WIDA Level 4.3,729,0.1293,84.2833,0
2026,7,WIDA Level 5,83,0.1878,94.4922,0
2026,8,WIDA Level 1,960,0.148,12.4396,0
2026,8,WIDA Level 2,1195,0.1548,24.8437,0
2026,8,WIDA Level 3,2874,0.2056,52.6712,0
2026,8,WIDA Level 4,835,0.0362,71.1566,0
2026,8,WIDA Level 4.3,989,0.1033,81.9906,0
2026,8,WIDA Level 5,180,0.1816,90.2529,0
