YEAR,GRADE,WIDA_LEVEL,n,kendall,ilearn_pctile_median,p_ilearn_proficient,content
2017,3,WIDA Level 1,390,0.23,11.3515,0.0436,MATHEMATICS
2017,3,WIDA Level 2,969,0.1189,22.1099,0.065,MATHEMATICS
2017,3,WIDA Level 3,2904,0.2089,48.9308,0.2407,MATHEMATICS
2017,3,WIDA Level 4,803,0.091,67.4323,0.4545,MATHEMATICS
2017,3,WIDA Level 4.3,815,0.1246,79.3602,0.6429,MATHEMATICS
2017,3,WIDA Level 5,103,0.1729,90.7701,0.8835,MATHEMATICS
2017,4,WIDA Level 1,164,0.1839,8.7883,0.0244,MATHEMATICS
2017,4,WIDA Level 2,286,0.0627,20.4818,0.042,MATHEMATICS
2017,4,WIDA Level 3,1467,0.1843,38.7299,0.0716,MATHEMATICS
2017,4,WIDA Level 4,612,0.0796,60.5547,0.165,MATHEMATICS
2017,4,WIDA Level 4.3,756,0.1332,73.2263,0.3108,MATHEMATICS
2017,4,WIDA Level 5,130,0.1491,89.3869,0.6308,MATHEMATICS
2017,5,WIDA Level 1,173,0.1784,10.2059,0.0058,MATHEMATICS
2017,5,WIDA Level 2,267,0.1056,25.8213,0.0225,MATHEMATICS
2017,5,WIDA Level 3,915,0.1456,44.021,0.0459,MATHEMATICS
2017,5,WIDA Level 4,348,0.0415,56.9207,0.1121,MATHEMATICS
2017,5,WIDA Level 4.3,481,0.1282,73.4998,0.1809,MATHEMATICS
2017,5,WIDA Level 5,90,0.2288,90.0679,0.5,MATHEMATICS
2017,6,WIDA Level 1,215,0.2184,15.1911,0.0186,MATHEMATICS
2017,6,WIDA Level 2,520,0.1196,30.8714,0.0173,MATHEMATICS
2017,6,WIDA Level 3,1005,0.1633,54.124,0.0478,MATHEMATICS
2017,6,WIDA Level 4,198,0.0408,73.7651,0.1818,MATHEMATICS
2017,6,WIDA Level 4.3,180,0.1276,85.3099,0.2667,MATHEMATICS
2017,6,WIDA Level 5,26,,,,MATHEMATICS
2017,7,WIDA Level 1,260,0.1613,16.6105,0.0077,MATHEMATICS
2017,7,WIDA Level 2,485,0.102,31.2734,0.0124,MATHEMATICS
2017,7,WIDA Level 3,1148,0.1274,50.8614,0.02,MATHEMATICS
2017,7,WIDA Level 4,390,0.0681,67.2846,0.0795,MATHEMATICS
2017,7,WIDA Level 4.3,335,0.1084,80.9363,0.1642,MATHEMATICS
2017,7,WIDA Level 5,47,,,,MATHEMATICS
2017,8,WIDA Level 1,274,0.1607,16.2651,0.0073,MATHEMATICS
2017,8,WIDA Level 2,451,0.0724,28.2191,0.0177,MATHEMATICS
2017,8,WIDA Level 3,1044,0.1483,48.5881,0.0192,MATHEMATICS
2017,8,WIDA Level 4,404,0.0016,65.4556,0.052,MATHEMATICS
2017,8,WIDA Level 4.3,430,0.0907,75.3106,0.1209,MATHEMATICS
2017,8,WIDA Level 5,49,,,,MATHEMATICS
2018,3,WIDA Level 1,329,0.1869,7.8738,0.0365,MATHEMATICS
2018,3,WIDA Level 2,835,0.1224,17.716,0.0527,MATHEMATICS
2018,3,WIDA Level 3,3341,0.2282,42.7754,0.2484,MATHEMATICS
2018,3,WIDA Level 4,1042,0.0887,64.9937,0.523,MATHEMATICS
2018,3,WIDA Level 4.3,1364,0.1633,77.5164,0.7082,MATHEMATICS
2018,3,WIDA Level 5,248,0.0841,89.5086,0.8992,MATHEMATICS
2018,4,WIDA Level 1,140,0.1434,5.8344,0.0143,MATHEMATICS
2018,4,WIDA Level 2,277,0.1363,12.0604,0.0433,MATHEMATICS
2018,4,WIDA Level 3,1661,0.1956,27.0141,0.068,MATHEMATICS
2018,4,WIDA Level 4,964,0.0612,44.5332,0.1722,MATHEMATICS
2018,4,WIDA Level 4.3,2155,0.1329,61.7887,0.3485,MATHEMATICS
2018,4,WIDA Level 5,957,0.1644,79.5476,0.629,MATHEMATICS
2018,4,WIDA Level 6,101,0.1707,92.3673,0.8713,MATHEMATICS
2018,5,WIDA Level 1,157,0.2954,11.7312,0.0318,MATHEMATICS
2018,5,WIDA Level 2,268,0.0871,28.0818,0.0224,MATHEMATICS
2018,5,WIDA Level 3,1146,0.1056,34.6789,0.0585,MATHEMATICS
2018,5,WIDA Level 4,550,0.0026,48.5234,0.0855,MATHEMATICS
2018,5,WIDA Level 4.3,1081,0.1215,63.6548,0.1776,MATHEMATICS
2018,5,WIDA Level 5,448,0.1177,80.7234,0.4107,MATHEMATICS
2018,5,WIDA Level 6,40,,,,MATHEMATICS
2018,6,WIDA Level 1,209,0.2372,12.747,0.0191,MATHEMATICS
2018,6,WIDA Level 2,489,0.112,28.458,0.0184,MATHEMATICS
2018,6,WIDA Level 3,1274,0.2064,50.3681,0.0557,MATHEMATICS
2018,6,WIDA Level 4,286,-7e-04,69.2755,0.1329,MATHEMATICS
2018,6,WIDA Level 4.3,281,0.2103,84.8315,0.3203,MATHEMATICS
2018,6,WIDA Level 5,40,,,,MATHEMATICS
2018,7,WIDA Level 1,232,0.1218,15.1899,0.0086,MATHEMATICS
2018,7,WIDA Level 2,480,0.0427,32.156,0.0271,MATHEMATICS
2018,7,WIDA Level 3,1090,0.1506,49.4283,0.0266,MATHEMATICS
2018,7,WIDA Level 4,284,0.1049,64.6386,0.0775,MATHEMATICS
2018,7,WIDA Level 4.3,301,0.1609,81.3597,0.2392,MATHEMATICS
2018,7,WIDA Level 5,57,0.2784,94.2221,0.5965,MATHEMATICS
2018,8,WIDA Level 1,227,0.2276,13.977,0.0088,MATHEMATICS
2018,8,WIDA Level 2,430,0.0481,23.2485,0.0093,MATHEMATICS
2018,8,WIDA Level 3,1236,0.1335,46.9153,0.021,MATHEMATICS
2018,8,WIDA Level 4,422,0.0725,66.8526,0.0758,MATHEMATICS
2018,8,WIDA Level 4.3,471,0.1683,77.2395,0.1932,MATHEMATICS
2018,8,WIDA Level 5,78,0.2509,94.2227,0.5385,MATHEMATICS
2019,3,WIDA Level 1,440,0.0719,7.4609,0.0455,MATHEMATICS
2019,3,WIDA Level 2,841,0.1207,17.5326,0.0476,MATHEMATICS
2019,3,WIDA Level 3,3250,0.2406,40.7943,0.2345,MATHEMATICS
2019,3,WIDA Level 4,1069,0.0814,60.4948,0.479,MATHEMATICS
2019,3,WIDA Level 4.3,1645,0.1566,76.7773,0.7337,MATHEMATICS
2019,3,WIDA Level 5,425,0.1443,89.1536,0.8871,MATHEMATICS
2019,4,WIDA Level 1,203,0.0234,7.9812,0.0296,MATHEMATICS
2019,4,WIDA Level 2,305,0.0295,10.9324,0.0197,MATHEMATICS
2019,4,WIDA Level 3,1726,0.2291,23.6437,0.0672,MATHEMATICS
2019,4,WIDA Level 4,1062,0.1257,40.8056,0.1582,MATHEMATICS
2019,4,WIDA Level 4.3,2621,0.1773,58.7923,0.3384,MATHEMATICS
2019,4,WIDA Level 5,1293,0.1531,80.5275,0.6411,MATHEMATICS
2019,4,WIDA Level 6,125,0.1271,91.5485,0.864,MATHEMATICS
2019,5,WIDA Level 1,194,-0.0192,12.6063,0.0155,MATHEMATICS
2019,5,WIDA Level 2,272,0.1201,10.9142,0.0221,MATHEMATICS
2019,5,WIDA Level 3,1283,0.1746,26.196,0.0405,MATHEMATICS
2019,5,WIDA Level 4,858,0.0948,42.5142,0.0862,MATHEMATICS
2019,5,WIDA Level 4.3,2063,0.1591,60.2144,0.2012,MATHEMATICS
2019,5,WIDA Level 5,916,0.1513,79.7395,0.4552,MATHEMATICS
2019,5,WIDA Level 6,57,0.1076,95.2516,0.807,MATHEMATICS
2019,6,WIDA Level 1,310,-0.0035,19.4321,0.0129,MATHEMATICS
2019,6,WIDA Level 2,595,0.0985,23.0791,0.0168,MATHEMATICS
2019,6,WIDA Level 3,1672,0.1902,48.8725,0.0526,MATHEMATICS
2019,6,WIDA Level 4,555,0.1425,69.1676,0.1477,MATHEMATICS
2019,6,WIDA Level 4.3,420,0.13,82.5167,0.3048,MATHEMATICS
2019,6,WIDA Level 5,36,,,,MATHEMATICS
2019,7,WIDA Level 1,325,0.0219,26.1498,0,MATHEMATICS
2019,7,WIDA Level 2,546,-0.0183,27.1254,0.0128,MATHEMATICS
2019,7,WIDA Level 3,1141,0.1601,48.7108,0.0263,MATHEMATICS
2019,7,WIDA Level 4,386,0.0966,68.4408,0.0803,MATHEMATICS
2019,7,WIDA Level 4.3,365,0.1631,82.6829,0.2137,MATHEMATICS
2019,7,WIDA Level 5,101,0.1456,93.9373,0.5941,MATHEMATICS
2019,8,WIDA Level 1,334,0.0989,19.1679,0,MATHEMATICS
2019,8,WIDA Level 2,470,0.013,27.0988,0.0191,MATHEMATICS
2019,8,WIDA Level 3,1015,0.1174,48.867,0.0286,MATHEMATICS
2019,8,WIDA Level 4,346,0.0883,65.1189,0.0723,MATHEMATICS
2019,8,WIDA Level 4.3,425,0.2239,80.1077,0.2071,MATHEMATICS
2019,8,WIDA Level 5,95,0.1918,89.8217,0.4316,MATHEMATICS
2021,3,WIDA Level 1,621,0.1713,9.573,0.0193,MATHEMATICS
2021,3,WIDA Level 2,1192,0.1352,20.631,0.0327,MATHEMATICS
2021,3,WIDA Level 3,3417,0.2505,45.4812,0.1601,MATHEMATICS
2021,3,WIDA Level 4,987,0.0863,68.4257,0.4276,MATHEMATICS
2021,3,WIDA Level 4.3,1368,0.1756,80.6119,0.6462,MATHEMATICS
2021,3,WIDA Level 5,256,0.1303,92.543,0.8672,MATHEMATICS
2021,4,WIDA Level 1,303,0.11,8.1995,0.0033,MATHEMATICS
2021,4,WIDA Level 2,495,0.0564,12.4096,0.0101,MATHEMATICS
2021,4,WIDA Level 3,2209,0.2376,30.6091,0.0471,MATHEMATICS
2021,4,WIDA Level 4,1061,0.076,49.5783,0.1244,MATHEMATICS
2021,4,WIDA Level 4.3,2077,0.1306,64.9331,0.2691,MATHEMATICS
2021,4,WIDA Level 5,1130,0.177,81.3387,0.5425,MATHEMATICS
2021,4,WIDA Level 6,194,0.1511,91.7068,0.768,MATHEMATICS
2021,5,WIDA Level 1,271,0.0555,11.5484,0.0037,MATHEMATICS
2021,5,WIDA Level 2,416,0.0985,12.7768,0.0072,MATHEMATICS
2021,5,WIDA Level 3,1794,0.2103,31.744,0.0201,MATHEMATICS
2021,5,WIDA Level 4,846,0.0696,48.4807,0.0615,MATHEMATICS
2021,5,WIDA Level 4.3,1798,0.1432,64.2557,0.1429,MATHEMATICS
2021,5,WIDA Level 5,958,0.1223,80.7338,0.3132,MATHEMATICS
2021,5,WIDA Level 6,103,0.0588,90.1891,0.5825,MATHEMATICS
2021,6,WIDA Level 1,269,-0.0161,17.2066,0,MATHEMATICS
2021,6,WIDA Level 2,838,0.128,20.9889,0.0048,MATHEMATICS
2021,6,WIDA Level 3,2951,0.2307,50.0286,0.0281,MATHEMATICS
2021,6,WIDA Level 4,614,0.1186,72.7896,0.1026,MATHEMATICS
2021,6,WIDA Level 4.3,502,0.1517,83.0793,0.2351,MATHEMATICS
2021,6,WIDA Level 5,71,0.252,93.6833,0.4789,MATHEMATICS
2021,7,WIDA Level 1,357,-9e-04,19.6675,0,MATHEMATICS
2021,7,WIDA Level 2,790,0.0743,22.5516,0.0025,MATHEMATICS
2021,7,WIDA Level 3,2473,0.2227,48.568,0.0162,MATHEMATICS
2021,7,WIDA Level 4,588,0.0478,69.9279,0.0561,MATHEMATICS
2021,7,WIDA Level 4.3,641,0.1416,80.3024,0.117,MATHEMATICS
2021,7,WIDA Level 5,134,-0.0212,92.7498,0.3657,MATHEMATICS
2021,8,WIDA Level 1,380,0.0548,20.4818,0,MATHEMATICS
2021,8,WIDA Level 2,691,0.0598,27.5137,0.0058,MATHEMATICS
2021,8,WIDA Level 3,1699,0.2125,48.6681,0.0182,MATHEMATICS
2021,8,WIDA Level 4,388,0.0422,68.3599,0.0387,MATHEMATICS
2021,8,WIDA Level 4.3,517,0.0876,78.6498,0.1103,MATHEMATICS
2021,8,WIDA Level 5,141,0.1771,87.8297,0.2411,MATHEMATICS
2021,8,WIDA Level 6,12,,,,MATHEMATICS
2022,3,WIDA Level 1,793,0.1228,12.9561,0.0189,MATHEMATICS
2022,3,WIDA Level 2,1364,0.1718,21.3763,0.0381,MATHEMATICS
2022,3,WIDA Level 3,3385,0.2463,48.7218,0.2399,MATHEMATICS
2022,3,WIDA Level 4,972,0.0655,68.8074,0.5103,MATHEMATICS
2022,3,WIDA Level 4.3,1239,0.1525,81.0065,0.7264,MATHEMATICS
2022,3,WIDA Level 5,292,0.1609,92.5602,0.9315,MATHEMATICS
2022,3,WIDA Level 6,12,,,,MATHEMATICS
2022,4,WIDA Level 1,402,0.0646,9.1167,0.0124,MATHEMATICS
2022,4,WIDA Level 2,589,0.08,13.2738,0.017,MATHEMATICS
2022,4,WIDA Level 3,2186,0.2093,29.0214,0.0535,MATHEMATICS
2022,4,WIDA Level 4,1085,0.0639,48.6244,0.1456,MATHEMATICS
2022,4,WIDA Level 4.3,2330,0.1623,62.6342,0.3223,MATHEMATICS
2022,4,WIDA Level 5,1366,0.1416,78.599,0.5849,MATHEMATICS
2022,4,WIDA Level 6,328,0.1469,91.2152,0.8415,MATHEMATICS
2022,5,WIDA Level 1,447,-0.0022,15.6676,0.0045,MATHEMATICS
2022,5,WIDA Level 2,461,0.0443,13.623,0,MATHEMATICS
2022,5,WIDA Level 3,1798,0.1868,30.1847,0.0217,MATHEMATICS
2022,5,WIDA Level 4,921,0.0598,48.4904,0.0749,MATHEMATICS
2022,5,WIDA Level 4.3,1909,0.1144,63.8722,0.176,MATHEMATICS
2022,5,WIDA Level 5,1115,0.1339,79.0341,0.3713,MATHEMATICS
2022,5,WIDA Level 6,171,0.1865,90.5247,0.6257,MATHEMATICS
2022,6,WIDA Level 1,388,-0.0362,20.0489,0.0026,MATHEMATICS
2022,6,WIDA Level 2,775,0.077,18.5981,0.009,MATHEMATICS
2022,6,WIDA Level 3,3078,0.231,48.2258,0.0296,MATHEMATICS
2022,6,WIDA Level 4,752,0.1063,72.8631,0.141,MATHEMATICS
2022,6,WIDA Level 4.3,667,0.1572,82.6779,0.2279,MATHEMATICS
2022,6,WIDA Level 5,57,0.234,95.0708,0.5965,MATHEMATICS
2022,7,WIDA Level 1,476,-0.0089,21.6588,0,MATHEMATICS
2022,7,WIDA Level 2,877,0.0909,24.5165,0.008,MATHEMATICS
2022,7,WIDA Level 3,2778,0.2247,47.4386,0.0173,MATHEMATICS
2022,7,WIDA Level 4,721,0.1107,70.23,0.061,MATHEMATICS
2022,7,WIDA Level 4.3,744,0.1342,82.0962,0.172,MATHEMATICS
2022,7,WIDA Level 5,135,0.2442,90.1289,0.3111,MATHEMATICS
2022,8,WIDA Level 1,528,0.0376,20.5525,0.0019,MATHEMATICS
2022,8,WIDA Level 2,805,0.0019,25.6262,0.0112,MATHEMATICS
2022,8,WIDA Level 3,2349,0.17,46.7587,0.0213,MATHEMATICS
2022,8,WIDA Level 4,667,0.0734,66.4733,0.0585,MATHEMATICS
2022,8,WIDA Level 4.3,885,0.1264,78.6372,0.1446,MATHEMATICS
2022,8,WIDA Level 5,189,0.104,88.2413,0.3122,MATHEMATICS
2023,3,WIDA Level 1,927,0.0809,12.754,0.0151,MATHEMATICS
2023,3,WIDA Level 2,1531,0.1423,22.7643,0.0516,MATHEMATICS
2023,3,WIDA Level 3,3638,0.2608,49.5236,0.2482,MATHEMATICS
2023,3,WIDA Level 4,948,0.0603,71.2605,0.5527,MATHEMATICS
2023,3,WIDA Level 4.3,1280,0.1491,81.5865,0.7211,MATHEMATICS
2023,3,WIDA Level 5,378,0.126,92.2856,0.9048,MATHEMATICS
2023,4,WIDA Level 1,470,0.0757,9.9248,0.0128,MATHEMATICS
2023,4,WIDA Level 2,656,0.0689,14.5175,0.0198,MATHEMATICS
2023,4,WIDA Level 3,2259,0.2226,30.6752,0.0668,MATHEMATICS
2023,4,WIDA Level 4,1086,0.1177,47.7216,0.186,MATHEMATICS
2023,4,WIDA Level 4.3,2316,0.1586,63.426,0.3532,MATHEMATICS
2023,4,WIDA Level 5,1344,0.1096,80.4008,0.6585,MATHEMATICS
2023,4,WIDA Level 6,251,0.1442,92.5981,0.8805,MATHEMATICS
2023,5,WIDA Level 1,536,0.0896,16.3539,0.0075,MATHEMATICS
2023,5,WIDA Level 2,596,0.0051,15.757,0.0285,MATHEMATICS
2023,5,WIDA Level 3,1908,0.1803,33.0941,0.0383,MATHEMATICS
2023,5,WIDA Level 4,960,0.1088,51.4767,0.0885,MATHEMATICS
2023,5,WIDA Level 4.3,2062,0.1385,64.4701,0.1998,MATHEMATICS
2023,5,WIDA Level 5,1086,0.1072,80.5686,0.4061,MATHEMATICS
2023,5,WIDA Level 6,97,0.1571,92.52,0.6804,MATHEMATICS
2023,6,WIDA Level 1,551,0.0813,16.1722,0.0018,MATHEMATICS
2023,6,WIDA Level 2,970,0.0846,23.5817,0.0113,MATHEMATICS
2023,6,WIDA Level 3,3181,0.2449,50.9292,0.0509,MATHEMATICS
2023,6,WIDA Level 4,756,0.075,73.0926,0.1429,MATHEMATICS
2023,6,WIDA Level 4.3,623,0.163,83.2899,0.3178,MATHEMATICS
2023,6,WIDA Level 5,50,0.1127,95.1337,0.64,MATHEMATICS
2023,7,WIDA Level 1,679,0.0418,20.7794,0,MATHEMATICS
2023,7,WIDA Level 2,967,0.0612,25.0566,0.0083,MATHEMATICS
2023,7,WIDA Level 3,2915,0.2032,49.3693,0.0226,MATHEMATICS
2023,7,WIDA Level 4,761,0.0544,73.197,0.0907,MATHEMATICS
2023,7,WIDA Level 4.3,748,0.152,81.2177,0.1591,MATHEMATICS
2023,7,WIDA Level 5,112,0.1176,94.9871,0.5268,MATHEMATICS
2023,8,WIDA Level 1,702,0.0324,21.5111,0.0028,MATHEMATICS
2023,8,WIDA Level 2,991,0.0855,27.0844,0.0071,MATHEMATICS
2023,8,WIDA Level 3,2657,0.1952,48.6405,0.0384,MATHEMATICS
2023,8,WIDA Level 4,777,0.0346,69.8444,0.103,MATHEMATICS
2023,8,WIDA Level 4.3,851,0.1133,80.4341,0.188,MATHEMATICS
2023,8,WIDA Level 5,124,0.0898,91.8346,0.4919,MATHEMATICS
2024,3,WIDA Level 1,1161,0.1063,13.0324,0.0189,MATHEMATICS
2024,3,WIDA Level 2,1481,0.1095,23.2454,0.05,MATHEMATICS
2024,3,WIDA Level 3,3636,0.2446,49.8952,0.2428,MATHEMATICS
2024,3,WIDA Level 4,1006,0.0685,69.6756,0.5199,MATHEMATICS
2024,3,WIDA Level 4.3,1337,0.1394,81.1134,0.7173,MATHEMATICS
2024,3,WIDA Level 5,423,0.1212,92.6341,0.9054,MATHEMATICS
2024,3,WIDA Level 6,17,,,,MATHEMATICS
2024,4,WIDA Level 1,809,0.0971,10.9548,0.0111,MATHEMATICS
2024,4,WIDA Level 2,859,0.0202,17.6189,0.0221,MATHEMATICS
2024,4,WIDA Level 3,2527,0.2172,33.5596,0.0673,MATHEMATICS
2024,4,WIDA Level 4,1003,0.0842,51.8792,0.1765,MATHEMATICS
2024,4,WIDA Level 4.3,2389,0.1599,66.234,0.347,MATHEMATICS
2024,4,WIDA Level 5,1360,0.1394,82.8156,0.6544,MATHEMATICS
2024,4,WIDA Level 6,258,0.0965,91.9346,0.8876,MATHEMATICS
2024,5,WIDA Level 1,803,0.0799,16.5627,0.0062,MATHEMATICS
2024,5,WIDA Level 2,705,0.0906,20.5768,0.0255,MATHEMATICS
2024,5,WIDA Level 3,1966,0.1811,35.2494,0.0351,MATHEMATICS
2024,5,WIDA Level 4,857,0.0603,51.9745,0.0735,MATHEMATICS
2024,5,WIDA Level 4.3,2095,0.1403,65.3222,0.2014,MATHEMATICS
2024,5,WIDA Level 5,1140,0.158,81.4692,0.4088,MATHEMATICS
2024,5,WIDA Level 6,131,0.1004,93.8426,0.7176,MATHEMATICS
2024,6,WIDA Level 1,876,0.0687,15.0954,0.0034,MATHEMATICS
2024,6,WIDA Level 2,1229,0.1179,26.7351,0.0114,MATHEMATICS
2024,6,WIDA Level 3,3166,0.2334,52.5231,0.0527,MATHEMATICS
2024,6,WIDA Level 4,795,0.0863,73.8866,0.1648,MATHEMATICS
2024,6,WIDA Level 4.3,762,0.1338,82.5043,0.2795,MATHEMATICS
2024,6,WIDA Level 5,83,0.2161,95.0766,0.6265,MATHEMATICS
2024,7,WIDA Level 1,959,0.082,22.2288,0.0021,MATHEMATICS
2024,7,WIDA Level 2,1161,0.0499,27.889,0.0095,MATHEMATICS
2024,7,WIDA Level 3,2797,0.2332,50.6698,0.0318,MATHEMATICS
2024,7,WIDA Level 4,827,0.053,70.6536,0.0955,MATHEMATICS
2024,7,WIDA Level 4.3,898,0.1549,80.8479,0.1748,MATHEMATICS
2024,7,WIDA Level 5,146,0.0579,92.7646,0.4247,MATHEMATICS
2024,8,WIDA Level 1,1062,0.0571,22.4535,0.0047,MATHEMATICS
2024,8,WIDA Level 2,1068,0.0879,28.5798,0.0131,MATHEMATICS
2024,8,WIDA Level 3,2544,0.201,50.4177,0.0366,MATHEMATICS
2024,8,WIDA Level 4,825,0.0199,65.9461,0.0848,MATHEMATICS
2024,8,WIDA Level 4.3,1091,0.1127,77.3853,0.1512,MATHEMATICS
2024,8,WIDA Level 5,227,0.1153,90.0117,0.3789,MATHEMATICS
2025,3,WIDA Level 1,1362,0.1158,13.6313,0.0316,MATHEMATICS
2025,3,WIDA Level 2,1567,0.1253,25.3945,0.0664,MATHEMATICS
2025,3,WIDA Level 3,3671,0.2162,47.9334,0.2245,MATHEMATICS
2025,3,WIDA Level 4,1101,0.0892,67.9935,0.4877,MATHEMATICS
2025,3,WIDA Level 4.3,1636,0.1752,79.2884,0.6877,MATHEMATICS
2025,3,WIDA Level 5,466,0.1778,90.4561,0.9034,MATHEMATICS
2025,3,WIDA Level 6,19,,,,MATHEMATICS
2025,4,WIDA Level 1,768,0.1583,11.3867,0.0195,MATHEMATICS
2025,4,WIDA Level 2,1012,0.0372,18.5377,0.0306,MATHEMATICS
2025,4,WIDA Level 3,2296,0.2032,34.0674,0.0919,MATHEMATICS
2025,4,WIDA Level 4,1043,0.0813,51.6061,0.1755,MATHEMATICS
2025,4,WIDA Level 4.3,2414,0.1393,64.5035,0.338,MATHEMATICS
2025,4,WIDA Level 5,1378,0.1409,80.4443,0.6125,MATHEMATICS
2025,4,WIDA Level 6,272,0.0996,91.4716,0.8456,MATHEMATICS
2025,5,WIDA Level 1,880,0.0739,16.4171,0.0068,MATHEMATICS
2025,5,WIDA Level 2,854,0.0174,23.224,0.0293,MATHEMATICS
2025,5,WIDA Level 3,1964,0.1524,34.9752,0.0377,MATHEMATICS
2025,5,WIDA Level 4,872,0.0696,53.9913,0.0906,MATHEMATICS
2025,5,WIDA Level 4.3,2132,0.1024,65.5507,0.2022,MATHEMATICS
2025,5,WIDA Level 5,1184,0.1217,79.1646,0.386,MATHEMATICS
2025,5,WIDA Level 6,193,0.1859,92.4196,0.6321,MATHEMATICS
2025,6,WIDA Level 1,849,0.1668,15.4468,0.0035,MATHEMATICS
2025,6,WIDA Level 2,1296,0.086,27.5805,0.0139,MATHEMATICS
2025,6,WIDA Level 3,3107,0.2246,52.5624,0.0605,MATHEMATICS
2025,6,WIDA Level 4,814,0.0686,72.8093,0.1744,MATHEMATICS
2025,6,WIDA Level 4.3,762,0.1212,83.4777,0.3228,MATHEMATICS
2025,6,WIDA Level 5,94,0.0488,95.2721,0.6915,MATHEMATICS
2025,7,WIDA Level 1,1083,0.1053,21.5722,0.0065,MATHEMATICS
2025,7,WIDA Level 2,1259,0.0532,29.2578,0.0103,MATHEMATICS
2025,7,WIDA Level 3,2980,0.1979,49.305,0.0409,MATHEMATICS
2025,7,WIDA Level 4,859,0.0849,69.5412,0.0838,MATHEMATICS
2025,7,WIDA Level 4.3,1025,0.118,81.8489,0.2273,MATHEMATICS
2025,7,WIDA Level 5,199,0.2476,93.3603,0.5327,MATHEMATICS
2025,8,WIDA Level 1,1105,0.1203,20.9551,0.01,MATHEMATICS
2025,8,WIDA Level 2,1069,0.0184,30.5342,0.0234,MATHEMATICS
2025,8,WIDA Level 3,2549,0.1657,47.2032,0.0432,MATHEMATICS
2025,8,WIDA Level 4,883,0.0698,66.3683,0.1053,MATHEMATICS
2025,8,WIDA Level 4.3,1247,0.0966,76.9613,0.1957,MATHEMATICS
2025,8,WIDA Level 5,289,0.1576,89.2672,0.4775,MATHEMATICS
2026,3,WIDA Level 1,936,0.0952,13.8509,0,MATHEMATICS
2026,3,WIDA Level 2,1312,0.075,22.0454,0,MATHEMATICS
2026,3,WIDA Level 3,4226,0.2296,45.35,0,MATHEMATICS
2026,3,WIDA Level 4,1210,0.0652,64.6143,0,MATHEMATICS
2026,3,WIDA Level 4.3,1817,0.1392,78.4999,0,MATHEMATICS
2026,3,WIDA Level 5,472,0.0579,88.4543,0,MATHEMATICS
2026,3,WIDA Level 6,112,0.0857,94.4428,0,MATHEMATICS
2026,4,WIDA Level 1,489,0.1465,10.3653,0,MATHEMATICS
2026,4,WIDA Level 2,547,0.0376,15.8034,0,MATHEMATICS
2026,4,WIDA Level 3,1762,0.152,28.2124,0,MATHEMATICS
2026,4,WIDA Level 4,1092,0.0775,43.0702,0,MATHEMATICS
2026,4,WIDA Level 4.3,2697,0.1504,59.8426,0,MATHEMATICS
2026,4,WIDA Level 5,1641,0.1631,77.3549,0,MATHEMATICS
2026,4,WIDA Level 6,285,0.1419,91.238,0,MATHEMATICS
2026,5,WIDA Level 1,580,0.081,17.8485,0,MATHEMATICS
2026,5,WIDA Level 2,562,0.0429,25.2292,0,MATHEMATICS
2026,5,WIDA Level 3,1806,0.1346,34.5915,0,MATHEMATICS
2026,5,WIDA Level 4,992,0.0823,47.1151,0,MATHEMATICS
2026,5,WIDA Level 4.3,2131,0.1247,62.1933,0,MATHEMATICS
2026,5,WIDA Level 5,1243,0.1261,79.1116,0,MATHEMATICS
2026,5,WIDA Level 6,103,0.1153,90.887,0,MATHEMATICS
2026,6,WIDA Level 1,631,0.0619,18.1518,0,MATHEMATICS
2026,6,WIDA Level 2,1145,0.0742,27.3929,0,MATHEMATICS
2026,6,WIDA Level 3,3065,0.2181,49.7446,0,MATHEMATICS
2026,6,WIDA Level 4,875,0.0682,72.0586,0,MATHEMATICS
2026,6,WIDA Level 4.3,844,0.089,79.7596,0,MATHEMATICS
2026,6,WIDA Level 5,87,0.0746,90.4583,0,MATHEMATICS
2026,7,WIDA Level 1,780,0.0605,24.0368,0,MATHEMATICS
2026,7,WIDA Level 2,1126,0.0798,30.4874,0,MATHEMATICS
2026,7,WIDA Level 3,2779,0.1631,47.5992,0,MATHEMATICS
2026,7,WIDA Level 4,906,0.0323,66.6813,0,MATHEMATICS
2026,7,WIDA Level 4.3,1104,0.1705,79.4804,0,MATHEMATICS
2026,7,WIDA Level 5,140,0.1548,92.9729,0,MATHEMATICS
2026,7,WIDA Level 6,16,,,,MATHEMATICS
2026,8,WIDA Level 1,871,0.0794,21.8073,0,MATHEMATICS
2026,8,WIDA Level 2,1083,0.0354,29.3249,0,MATHEMATICS
2026,8,WIDA Level 3,2573,0.1556,46.4487,0,MATHEMATICS
2026,8,WIDA Level 4,943,0.0306,64.782,0,MATHEMATICS
2026,8,WIDA Level 4.3,1364,0.1285,76.9198,0,MATHEMATICS
2026,8,WIDA Level 5,236,0.0938,87.4473,0,MATHEMATICS
2026,8,WIDA Level 6,39,,,,MATHEMATICS
