YEAR_T,YEAR_T1,window,GRADE,family,u,p_copula,wida_pl
2021,2022,primary,8,t,0.04,0.0013,1.8
2021,2022,primary,8,t,0.06,0.0018,1.9
2021,2022,primary,8,t,0.08,0.0024,2.1
2021,2022,primary,8,t,0.1,0.0031,2.3
2021,2022,primary,8,t,0.12,0.0038,2.5
2021,2022,primary,8,t,0.14,0.0045,2.6
2021,2022,primary,8,t,0.16,0.0054,2.6
2021,2022,primary,8,t,0.18,0.0062,2.8
2021,2022,primary,8,t,0.2,0.0072,2.9
2021,2022,primary,8,t,0.22,0.0083,2.9
2021,2022,primary,8,t,0.24,0.0094,3
2021,2022,primary,8,t,0.26,0.0106,3
2021,2022,primary,8,t,0.28,0.0119,3.1
2021,2022,primary,8,t,0.3,0.0133,3.1
2021,2022,primary,8,t,0.32,0.0149,3.2
2021,2022,primary,8,t,0.34,0.0166,3.2
2021,2022,primary,8,t,0.36,0.0184,3.3
2021,2022,primary,8,t,0.38,0.0203,3.3
2021,2022,primary,8,t,0.4,0.0224,3.3
2021,2022,primary,8,t,0.42,0.0247,3.4
2021,2022,primary,8,t,0.44,0.0272,3.4
2021,2022,primary,8,t,0.46,0.0298,3.5
2021,2022,primary,8,t,0.48,0.0327,3.5
2021,2022,primary,8,t,0.5,0.0359,3.6
2021,2022,primary,8,t,0.52,0.0393,3.6
2021,2022,primary,8,t,0.54,0.0431,3.6
2021,2022,primary,8,t,0.56,0.0471,3.7
2021,2022,primary,8,t,0.58,0.0516,3.7
2021,2022,primary,8,t,0.6,0.0564,3.7
2021,2022,primary,8,t,0.62,0.0617,3.8
2021,2022,primary,8,t,0.64,0.0676,3.8
2021,2022,primary,8,t,0.66,0.074,3.8
2021,2022,primary,8,t,0.68,0.0811,3.9
2021,2022,primary,8,t,0.7,0.0889,3.9
2021,2022,primary,8,t,0.72,0.0977,3.9
2021,2022,primary,8,t,0.74,0.1074,4
2021,2022,primary,8,t,0.76,0.1184,4
2021,2022,primary,8,t,0.78,0.1308,4.1
2021,2022,primary,8,t,0.8,0.1448,4.1
2021,2022,primary,8,t,0.82,0.161,4.2
2021,2022,primary,8,t,0.84,0.1796,4.2
2021,2022,primary,8,t,0.86,0.2014,4.3
2021,2022,primary,8,t,0.88,0.2274,4.4
2021,2022,primary,8,t,0.9,0.2589,4.5
2021,2022,primary,8,t,0.92,0.2982,4.5
2021,2022,primary,8,t,0.94,0.3494,4.7
2021,2022,primary,8,t,0.96,0.4206,4.8
2021,2022,primary,7,t,0.04,0.0015,1.9
2021,2022,primary,7,t,0.06,0.0021,2
2021,2022,primary,7,t,0.08,0.0028,2.2
2021,2022,primary,7,t,0.1,0.0035,2.4
2021,2022,primary,7,t,0.12,0.0043,2.5
2021,2022,primary,7,t,0.14,0.0051,2.6
2021,2022,primary,7,t,0.16,0.006,2.7
2021,2022,primary,7,t,0.18,0.0069,2.8
2021,2022,primary,7,t,0.2,0.008,2.9
2021,2022,primary,7,t,0.22,0.0091,3
2021,2022,primary,7,t,0.24,0.0103,3
2021,2022,primary,7,t,0.26,0.0116,3.1
2021,2022,primary,7,t,0.28,0.013,3.1
2021,2022,primary,7,t,0.3,0.0144,3.2
2021,2022,primary,7,t,0.32,0.016,3.2
2021,2022,primary,7,t,0.34,0.0178,3.3
2021,2022,primary,7,t,0.36,0.0196,3.3
2021,2022,primary,7,t,0.38,0.0216,3.3
2021,2022,primary,7,t,0.4,0.0237,3.4
2021,2022,primary,7,t,0.42,0.026,3.4
2021,2022,primary,7,t,0.44,0.0285,3.4
2021,2022,primary,7,t,0.46,0.0311,3.5
2021,2022,primary,7,t,0.48,0.034,3.5
2021,2022,primary,7,t,0.5,0.0371,3.5
2021,2022,primary,7,t,0.52,0.0404,3.5
2021,2022,primary,7,t,0.54,0.0441,3.6
2021,2022,primary,7,t,0.56,0.048,3.6
2021,2022,primary,7,t,0.58,0.0523,3.6
2021,2022,primary,7,t,0.6,0.0569,3.7
2021,2022,primary,7,t,0.62,0.062,3.7
2021,2022,primary,7,t,0.64,0.0675,3.7
2021,2022,primary,7,t,0.66,0.0735,3.7
2021,2022,primary,7,t,0.68,0.0802,3.8
2021,2022,primary,7,t,0.7,0.0875,3.8
2021,2022,primary,7,t,0.72,0.0957,3.8
2021,2022,primary,7,t,0.74,0.1047,3.9
2021,2022,primary,7,t,0.76,0.1148,3.9
2021,2022,primary,7,t,0.78,0.1262,4
2021,2022,primary,7,t,0.8,0.139,4
2021,2022,primary,7,t,0.82,0.1537,4
2021,2022,primary,7,t,0.84,0.1706,4.1
2021,2022,primary,7,t,0.86,0.1904,4.2
2021,2022,primary,7,t,0.88,0.2139,4.2
2021,2022,primary,7,t,0.9,0.2423,4.3
2021,2022,primary,7,t,0.92,0.2779,4.4
2021,2022,primary,7,t,0.94,0.3242,4.5
2021,2022,primary,7,t,0.96,0.3893,4.6
2021,2022,primary,6,gaussian,0.04,0.001,1.9
2021,2022,primary,6,gaussian,0.06,0.0018,2.3
2021,2022,primary,6,gaussian,0.08,0.0027,2.6
2021,2022,primary,6,gaussian,0.1,0.0038,2.85
2021,2022,primary,6,gaussian,0.12,0.005,3
2021,2022,primary,6,gaussian,0.14,0.0063,3.2
2021,2022,primary,6,gaussian,0.16,0.0078,3.3
2021,2022,primary,6,gaussian,0.18,0.0094,3.4
2021,2022,primary,6,gaussian,0.2,0.0112,3.4
2021,2022,primary,6,gaussian,0.22,0.0132,3.5
2021,2022,primary,6,gaussian,0.24,0.0153,3.6
2021,2022,primary,6,gaussian,0.26,0.0176,3.6
2021,2022,primary,6,gaussian,0.28,0.02,3.7
2021,2022,primary,6,gaussian,0.3,0.0227,3.7
2021,2022,primary,6,gaussian,0.32,0.0255,3.8
2021,2022,primary,6,gaussian,0.34,0.0286,3.8
2021,2022,primary,6,gaussian,0.36,0.0319,3.9
2021,2022,primary,6,gaussian,0.38,0.0354,3.9
2021,2022,primary,6,gaussian,0.4,0.0391,4
2021,2022,primary,6,gaussian,0.42,0.0432,4
2021,2022,primary,6,gaussian,0.44,0.0475,4
2021,2022,primary,6,gaussian,0.46,0.0521,4.1
2021,2022,primary,6,gaussian,0.48,0.057,4.1
2021,2022,primary,6,gaussian,0.5,0.0623,4.2
2021,2022,primary,6,gaussian,0.52,0.0679,4.2
2021,2022,primary,6,gaussian,0.54,0.074,4.3
2021,2022,primary,6,gaussian,0.56,0.0805,4.3
2021,2022,primary,6,gaussian,0.58,0.0874,4.4
2021,2022,primary,6,gaussian,0.6,0.0949,4.4
2021,2022,primary,6,gaussian,0.62,0.103,4.4
2021,2022,primary,6,gaussian,0.64,0.1117,4.5
2021,2022,primary,6,gaussian,0.66,0.1211,4.5
2021,2022,primary,6,gaussian,0.68,0.1312,4.6
2021,2022,primary,6,gaussian,0.7,0.1422,4.6
2021,2022,primary,6,gaussian,0.72,0.1542,4.6
2021,2022,primary,6,gaussian,0.74,0.1673,4.7
2021,2022,primary,6,gaussian,0.76,0.1817,4.7
2021,2022,primary,6,gaussian,0.78,0.1975,4.8
2021,2022,primary,6,gaussian,0.8,0.2151,4.9
2021,2022,primary,6,gaussian,0.82,0.2347,4.9
2021,2022,primary,6,gaussian,0.84,0.2568,5
2021,2022,primary,6,gaussian,0.86,0.282,5.1
2021,2022,primary,6,gaussian,0.88,0.311,5.2
2021,2022,primary,6,gaussian,0.9,0.3452,5.2
2021,2022,primary,6,gaussian,0.92,0.3864,5.4
2021,2022,primary,6,gaussian,0.94,0.4381,5.5
2021,2022,primary,6,gaussian,0.96,0.5072,5.6
2021,2022,primary,5,t,0.04,0.0026,2
2021,2022,primary,5,t,0.06,0.0042,2.4
2021,2022,primary,5,t,0.08,0.0061,2.7
2021,2022,primary,5,t,0.1,0.0082,2.9
2021,2022,primary,5,t,0.12,0.0105,3
2021,2022,primary,5,t,0.14,0.0131,3.2
2021,2022,primary,5,t,0.16,0.016,3.3
2021,2022,primary,5,t,0.18,0.0191,3.4
2021,2022,primary,5,t,0.2,0.0225,3.5
2021,2022,primary,5,t,0.22,0.0263,3.5
2021,2022,primary,5,t,0.24,0.0303,3.6
2021,2022,primary,5,t,0.26,0.0346,3.6
2021,2022,primary,5,t,0.28,0.0393,3.7
2021,2022,primary,5,t,0.3,0.0444,3.7
2021,2022,primary,5,t,0.32,0.0498,3.8
2021,2022,primary,5,t,0.34,0.0556,3.8
2021,2022,primary,5,t,0.36,0.0619,3.9
2021,2022,primary,5,t,0.38,0.0686,3.9
2021,2022,primary,5,t,0.4,0.0757,4
2021,2022,primary,5,t,0.42,0.0833,4
2021,2022,primary,5,t,0.44,0.0915,4
2021,2022,primary,5,t,0.46,0.1002,4
2021,2022,primary,5,t,0.48,0.1094,4.1
2021,2022,primary,5,t,0.5,0.1193,4.2
2021,2022,primary,5,t,0.52,0.1299,4.2
2021,2022,primary,5,t,0.54,0.1411,4.2
2021,2022,primary,5,t,0.56,0.1531,4.3
2021,2022,primary,5,t,0.58,0.1659,4.3
2021,2022,primary,5,t,0.6,0.1796,4.4
2021,2022,primary,5,t,0.62,0.1942,4.4
2021,2022,primary,5,t,0.64,0.2097,4.5
2021,2022,primary,5,t,0.66,0.2264,4.5
2021,2022,primary,5,t,0.68,0.2442,4.5
2021,2022,primary,5,t,0.7,0.2633,4.6
2021,2022,primary,5,t,0.72,0.2838,4.7
2021,2022,primary,5,t,0.74,0.3058,4.7
2021,2022,primary,5,t,0.76,0.3296,4.7
2021,2022,primary,5,t,0.78,0.3552,4.8
2021,2022,primary,5,t,0.8,0.383,4.9
2021,2022,primary,5,t,0.82,0.4131,4.9
2021,2022,primary,5,t,0.84,0.4461,5
2021,2022,primary,5,t,0.86,0.4822,5.1
2021,2022,primary,5,t,0.88,0.5222,5.2
2021,2022,primary,5,t,0.9,0.5668,5.25
2021,2022,primary,5,t,0.92,0.6173,5.4
2021,2022,primary,5,t,0.94,0.6756,5.5
2021,2022,primary,5,t,0.96,0.745,5.7
2021,2022,primary,4,gaussian,0.04,0.002,1.8
2021,2022,primary,4,gaussian,0.06,0.0037,1.9
2021,2022,primary,4,gaussian,0.08,0.0058,2
2021,2022,primary,4,gaussian,0.1,0.0082,2.2
2021,2022,primary,4,gaussian,0.12,0.0109,2.4
2021,2022,primary,4,gaussian,0.14,0.0139,2.5
2021,2022,primary,4,gaussian,0.16,0.0173,2.6
2021,2022,primary,4,gaussian,0.18,0.021,2.7
2021,2022,primary,4,gaussian,0.2,0.0251,2.8
2021,2022,primary,4,gaussian,0.22,0.0295,2.9
2021,2022,primary,4,gaussian,0.24,0.0342,3
2021,2022,primary,4,gaussian,0.26,0.0393,3.1
2021,2022,primary,4,gaussian,0.28,0.0448,3.1
2021,2022,primary,4,gaussian,0.3,0.0506,3.2
2021,2022,primary,4,gaussian,0.32,0.0569,3.3
2021,2022,primary,4,gaussian,0.34,0.0635,3.3
2021,2022,primary,4,gaussian,0.36,0.0706,3.4
2021,2022,primary,4,gaussian,0.38,0.0781,3.4
2021,2022,primary,4,gaussian,0.4,0.086,3.4
2021,2022,primary,4,gaussian,0.42,0.0945,3.5
2021,2022,primary,4,gaussian,0.44,0.1034,3.5
2021,2022,primary,4,gaussian,0.46,0.1128,3.6
2021,2022,primary,4,gaussian,0.48,0.1228,3.6
2021,2022,primary,4,gaussian,0.5,0.1334,3.6
2021,2022,primary,4,gaussian,0.52,0.1446,3.7
2021,2022,primary,4,gaussian,0.54,0.1564,3.7
2021,2022,primary,4,gaussian,0.56,0.1689,3.7
2021,2022,primary,4,gaussian,0.58,0.1822,3.8
2021,2022,primary,4,gaussian,0.6,0.1962,3.8
2021,2022,primary,4,gaussian,0.62,0.2111,3.9
2021,2022,primary,4,gaussian,0.64,0.2268,3.9
2021,2022,primary,4,gaussian,0.66,0.2435,3.9
2021,2022,primary,4,gaussian,0.68,0.2613,4
2021,2022,primary,4,gaussian,0.7,0.2802,4
2021,2022,primary,4,gaussian,0.72,0.3004,4
2021,2022,primary,4,gaussian,0.74,0.3219,4.1
2021,2022,primary,4,gaussian,0.76,0.345,4.1
2021,2022,primary,4,gaussian,0.78,0.3697,4.2
2021,2022,primary,4,gaussian,0.8,0.3964,4.3
2021,2022,primary,4,gaussian,0.82,0.4253,4.3
2021,2022,primary,4,gaussian,0.84,0.4567,4.4
2021,2022,primary,4,gaussian,0.86,0.4912,4.5
2021,2022,primary,4,gaussian,0.88,0.5292,4.5
2021,2022,primary,4,gaussian,0.9,0.5716,4.6
2021,2022,primary,4,gaussian,0.92,0.6198,4.7
2021,2022,primary,4,gaussian,0.94,0.6757,4.8
2021,2022,primary,4,gaussian,0.96,0.7432,4.9
2021,2022,primary,3,frank,0.04,0.0085,1.8
2021,2022,primary,3,frank,0.06,0.0096,1.9
2021,2022,primary,3,frank,0.08,0.0109,1.9
2021,2022,primary,3,frank,0.1,0.0123,2
2021,2022,primary,3,frank,0.12,0.0138,2.2
2021,2022,primary,3,frank,0.14,0.0156,2.3
2021,2022,primary,3,frank,0.16,0.0176,2.4
2021,2022,primary,3,frank,0.18,0.0199,2.4
2021,2022,primary,3,frank,0.2,0.0224,2.5
2021,2022,primary,3,frank,0.22,0.0252,2.6
2021,2022,primary,3,frank,0.24,0.0284,2.7
2021,2022,primary,3,frank,0.26,0.032,2.7
2021,2022,primary,3,frank,0.28,0.036,2.8
2021,2022,primary,3,frank,0.3,0.0406,2.9
2021,2022,primary,3,frank,0.32,0.0456,2.9
2021,2022,primary,3,frank,0.34,0.0512,3
2021,2022,primary,3,frank,0.36,0.0575,3
2021,2022,primary,3,frank,0.38,0.0645,3.1
2021,2022,primary,3,frank,0.4,0.0723,3.1
2021,2022,primary,3,frank,0.42,0.081,3.2
2021,2022,primary,3,frank,0.44,0.0906,3.2
2021,2022,primary,3,frank,0.46,0.1012,3.3
2021,2022,primary,3,frank,0.48,0.1129,3.3
2021,2022,primary,3,frank,0.5,0.1258,3.4
2021,2022,primary,3,frank,0.52,0.1398,3.4
2021,2022,primary,3,frank,0.54,0.1552,3.5
2021,2022,primary,3,frank,0.56,0.172,3.5
2021,2022,primary,3,frank,0.58,0.1901,3.5
2021,2022,primary,3,frank,0.6,0.2097,3.6
2021,2022,primary,3,frank,0.62,0.2307,3.6
2021,2022,primary,3,frank,0.64,0.2532,3.7
2021,2022,primary,3,frank,0.66,0.277,3.7
2021,2022,primary,3,frank,0.68,0.3022,3.7
2021,2022,primary,3,frank,0.7,0.3287,3.8
2021,2022,primary,3,frank,0.72,0.3562,3.8
2021,2022,primary,3,frank,0.74,0.3848,3.8
2021,2022,primary,3,frank,0.76,0.4141,3.9
2021,2022,primary,3,frank,0.78,0.4441,3.9
2021,2022,primary,3,frank,0.8,0.4745,4
2021,2022,primary,3,frank,0.82,0.5051,4.1
2021,2022,primary,3,frank,0.84,0.5357,4.1
2021,2022,primary,3,frank,0.86,0.566,4.2
2021,2022,primary,3,frank,0.88,0.5958,4.3
2021,2022,primary,3,frank,0.9,0.6249,4.4
2021,2022,primary,3,frank,0.92,0.6532,4.5
2021,2022,primary,3,frank,0.94,0.6804,4.6
2021,2022,primary,3,frank,0.96,0.7064,4.7
2022,2023,primary,8,t,0.04,8e-04,1.8
2022,2023,primary,8,t,0.06,0.0013,1.9
2022,2023,primary,8,t,0.08,0.0018,2
2022,2023,primary,8,t,0.1,0.0024,2.2
2022,2023,primary,8,t,0.12,0.0031,2.4
2022,2023,primary,8,t,0.14,0.0038,2.5
2022,2023,primary,8,t,0.16,0.0046,2.6
2022,2023,primary,8,t,0.18,0.0055,2.7
2022,2023,primary,8,t,0.2,0.0065,2.8
2022,2023,primary,8,t,0.22,0.0076,2.9
2022,2023,primary,8,t,0.24,0.0088,3
2022,2023,primary,8,t,0.26,0.0101,3
2022,2023,primary,8,t,0.28,0.0116,3.1
2022,2023,primary,8,t,0.3,0.0132,3.1
2022,2023,primary,8,t,0.32,0.0149,3.2
2022,2023,primary,8,t,0.34,0.0168,3.2
2022,2023,primary,8,t,0.36,0.0188,3.3
2022,2023,primary,8,t,0.38,0.021,3.3
2022,2023,primary,8,t,0.4,0.0235,3.4
2022,2023,primary,8,t,0.42,0.0261,3.4
2022,2023,primary,8,t,0.44,0.029,3.5
2022,2023,primary,8,t,0.46,0.0322,3.5
2022,2023,primary,8,t,0.48,0.0356,3.5
2022,2023,primary,8,t,0.5,0.0394,3.6
2022,2023,primary,8,t,0.52,0.0435,3.6
2022,2023,primary,8,t,0.54,0.0479,3.6
2022,2023,primary,8,t,0.56,0.0528,3.7
2022,2023,primary,8,t,0.58,0.0582,3.7
2022,2023,primary,8,t,0.6,0.064,3.7
2022,2023,primary,8,t,0.62,0.0705,3.8
2022,2023,primary,8,t,0.64,0.0776,3.8
2022,2023,primary,8,t,0.66,0.0854,3.9
2022,2023,primary,8,t,0.68,0.094,3.9
2022,2023,primary,8,t,0.7,0.1036,3.9
2022,2023,primary,8,t,0.72,0.1142,4
2022,2023,primary,8,t,0.74,0.1261,4
2022,2023,primary,8,t,0.76,0.1394,4
2022,2023,primary,8,t,0.78,0.1544,4.1
2022,2023,primary,8,t,0.8,0.1714,4.1
2022,2023,primary,8,t,0.82,0.1908,4.2
2022,2023,primary,8,t,0.84,0.2131,4.2
2022,2023,primary,8,t,0.86,0.2391,4.3
2022,2023,primary,8,t,0.88,0.2698,4.4
2022,2023,primary,8,t,0.9,0.3066,4.5
2022,2023,primary,8,t,0.92,0.3519,4.5
2022,2023,primary,8,t,0.94,0.4098,4.6
2022,2023,primary,8,t,0.96,0.4884,4.8
2022,2023,primary,7,t,0.04,7e-04,1.8
2022,2023,primary,7,t,0.06,0.0011,1.9
2022,2023,primary,7,t,0.08,0.0015,2.2
2022,2023,primary,7,t,0.1,0.0019,2.4
2022,2023,primary,7,t,0.12,0.0024,2.5
2022,2023,primary,7,t,0.14,0.003,2.6
2022,2023,primary,7,t,0.16,0.0036,2.8
2022,2023,primary,7,t,0.18,0.0043,2.9
2022,2023,primary,7,t,0.2,0.005,3
2022,2023,primary,7,t,0.22,0.0058,3
2022,2023,primary,7,t,0.24,0.0067,3.1
2022,2023,primary,7,t,0.26,0.0076,3.1
2022,2023,primary,7,t,0.28,0.0086,3.2
2022,2023,primary,7,t,0.3,0.0097,3.2
2022,2023,primary,7,t,0.32,0.0109,3.3
2022,2023,primary,7,t,0.34,0.0122,3.3
2022,2023,primary,7,t,0.36,0.0137,3.3
2022,2023,primary,7,t,0.38,0.0152,3.4
2022,2023,primary,7,t,0.4,0.0169,3.4
2022,2023,primary,7,t,0.42,0.0187,3.4
2022,2023,primary,7,t,0.44,0.0206,3.5
2022,2023,primary,7,t,0.46,0.0228,3.5
2022,2023,primary,7,t,0.48,0.0251,3.5
2022,2023,primary,7,t,0.5,0.0276,3.6
2022,2023,primary,7,t,0.52,0.0304,3.6
2022,2023,primary,7,t,0.54,0.0334,3.6
2022,2023,primary,7,t,0.56,0.0367,3.7
2022,2023,primary,7,t,0.58,0.0402,3.7
2022,2023,primary,7,t,0.6,0.0442,3.7
2022,2023,primary,7,t,0.62,0.0485,3.8
2022,2023,primary,7,t,0.64,0.0532,3.8
2022,2023,primary,7,t,0.66,0.0585,3.8
2022,2023,primary,7,t,0.68,0.0643,3.9
2022,2023,primary,7,t,0.7,0.0707,3.9
2022,2023,primary,7,t,0.72,0.0779,3.9
2022,2023,primary,7,t,0.74,0.0859,3.9
2022,2023,primary,7,t,0.76,0.0949,4
2022,2023,primary,7,t,0.78,0.1052,4
2022,2023,primary,7,t,0.8,0.1169,4.1
2022,2023,primary,7,t,0.82,0.1303,4.1
2022,2023,primary,7,t,0.84,0.146,4.2
2022,2023,primary,7,t,0.86,0.1644,4.2
2022,2023,primary,7,t,0.88,0.1865,4.3
2022,2023,primary,7,t,0.9,0.2136,4.3
2022,2023,primary,7,t,0.92,0.2478,4.4
2022,2023,primary,7,t,0.94,0.2931,4.5
2022,2023,primary,7,t,0.96,0.3577,4.6
2022,2023,primary,5,t,0.04,0.0014,1.9
2022,2023,primary,5,t,0.06,0.0024,2.2
2022,2023,primary,5,t,0.08,0.0037,2.5
2022,2023,primary,5,t,0.1,0.0052,2.8
2022,2023,primary,5,t,0.12,0.007,3
2022,2023,primary,5,t,0.14,0.009,3.1
2022,2023,primary,5,t,0.16,0.0113,3.25
2022,2023,primary,5,t,0.18,0.0138,3.4
2022,2023,primary,5,t,0.2,0.0166,3.4
2022,2023,primary,5,t,0.22,0.0198,3.5
2022,2023,primary,5,t,0.24,0.0232,3.6
2022,2023,primary,5,t,0.26,0.027,3.7
2022,2023,primary,5,t,0.28,0.0312,3.7
2022,2023,primary,5,t,0.3,0.0357,3.8
2022,2023,primary,5,t,0.32,0.0406,3.8
2022,2023,primary,5,t,0.34,0.0459,3.9
2022,2023,primary,5,t,0.36,0.0517,3.9
2022,2023,primary,5,t,0.38,0.0579,4
2022,2023,primary,5,t,0.4,0.0647,4
2022,2023,primary,5,t,0.42,0.0719,4
2022,2023,primary,5,t,0.44,0.0797,4.1
2022,2023,primary,5,t,0.46,0.0881,4.1
2022,2023,primary,5,t,0.48,0.0972,4.2
2022,2023,primary,5,t,0.5,0.1069,4.2
2022,2023,primary,5,t,0.52,0.1173,4.3
2022,2023,primary,5,t,0.54,0.1285,4.3
2022,2023,primary,5,t,0.56,0.1405,4.3
2022,2023,primary,5,t,0.58,0.1534,4.4
2022,2023,primary,5,t,0.6,0.1672,4.5
2022,2023,primary,5,t,0.62,0.182,4.5
2022,2023,primary,5,t,0.64,0.198,4.5
2022,2023,primary,5,t,0.66,0.2151,4.5
2022,2023,primary,5,t,0.68,0.2335,4.6
2022,2023,primary,5,t,0.7,0.2533,4.7
2022,2023,primary,5,t,0.72,0.2746,4.7
2022,2023,primary,5,t,0.74,0.2977,4.8
2022,2023,primary,5,t,0.76,0.3225,4.8
2022,2023,primary,5,t,0.78,0.3495,4.9
2022,2023,primary,5,t,0.8,0.3788,5
2022,2023,primary,5,t,0.82,0.4106,5
2022,2023,primary,5,t,0.84,0.4455,5.1
2022,2023,primary,5,t,0.86,0.4838,5.2
2022,2023,primary,5,t,0.88,0.5262,5.3
2022,2023,primary,5,t,0.9,0.5734,5.4
2022,2023,primary,5,t,0.92,0.6267,5.6
2022,2023,primary,5,t,0.94,0.6878,5.7
2022,2023,primary,5,t,0.96,0.7599,5.9
2022,2023,primary,6,t,0.04,0.0015,1.8
2022,2023,primary,6,t,0.06,0.0024,1.9
2022,2023,primary,6,t,0.08,0.0033,2.3
2022,2023,primary,6,t,0.1,0.0044,2.6
2022,2023,primary,6,t,0.12,0.0057,2.9
2022,2023,primary,6,t,0.14,0.0071,3
2022,2023,primary,6,t,0.16,0.0086,3.2
2022,2023,primary,6,t,0.18,0.0102,3.3
2022,2023,primary,6,t,0.2,0.012,3.4
2022,2023,primary,6,t,0.22,0.014,3.5
2022,2023,primary,6,t,0.24,0.0162,3.6
2022,2023,primary,6,t,0.26,0.0185,3.6
2022,2023,primary,6,t,0.28,0.0211,3.7
2022,2023,primary,6,t,0.3,0.0238,3.7
2022,2023,primary,6,t,0.32,0.0268,3.8
2022,2023,primary,6,t,0.34,0.03,3.8
2022,2023,primary,6,t,0.36,0.0335,3.9
2022,2023,primary,6,t,0.38,0.0373,3.9
2022,2023,primary,6,t,0.4,0.0413,4
2022,2023,primary,6,t,0.42,0.0457,4
2022,2023,primary,6,t,0.44,0.0504,4.1
2022,2023,primary,6,t,0.46,0.0555,4.1
2022,2023,primary,6,t,0.48,0.0609,4.2
2022,2023,primary,6,t,0.5,0.0668,4.2
2022,2023,primary,6,t,0.52,0.0732,4.2
2022,2023,primary,6,t,0.54,0.08,4.3
2022,2023,primary,6,t,0.56,0.0874,4.3
2022,2023,primary,6,t,0.58,0.0954,4.4
2022,2023,primary,6,t,0.6,0.1041,4.4
2022,2023,primary,6,t,0.62,0.1135,4.5
2022,2023,primary,6,t,0.64,0.1237,4.5
2022,2023,primary,6,t,0.66,0.1347,4.5
2022,2023,primary,6,t,0.68,0.1468,4.6
2022,2023,primary,6,t,0.7,0.1599,4.6
2022,2023,primary,6,t,0.72,0.1743,4.7
2022,2023,primary,6,t,0.74,0.19,4.8
2022,2023,primary,6,t,0.76,0.2074,4.8
2022,2023,primary,6,t,0.78,0.2265,4.8
2022,2023,primary,6,t,0.8,0.2479,4.9
2022,2023,primary,6,t,0.82,0.2717,5
2022,2023,primary,6,t,0.84,0.2985,5
2022,2023,primary,6,t,0.86,0.3289,5.2
2022,2023,primary,6,t,0.88,0.3639,5.2
2022,2023,primary,6,t,0.9,0.4047,5.3
2022,2023,primary,6,t,0.92,0.4532,5.4
2022,2023,primary,6,t,0.94,0.5128,5.6
2022,2023,primary,6,t,0.96,0.5899,5.8
2022,2023,primary,4,frank,0.04,0.0058,1.7
2022,2023,primary,4,frank,0.06,0.0066,1.8
2022,2023,primary,4,frank,0.08,0.0075,1.9
2022,2023,primary,4,frank,0.1,0.0086,2
2022,2023,primary,4,frank,0.12,0.0098,2.2
2022,2023,primary,4,frank,0.14,0.0112,2.3
2022,2023,primary,4,frank,0.16,0.0127,2.4
2022,2023,primary,4,frank,0.18,0.0145,2.6
2022,2023,primary,4,frank,0.2,0.0165,2.7
2022,2023,primary,4,frank,0.22,0.0188,2.8
2022,2023,primary,4,frank,0.24,0.0214,2.8
2022,2023,primary,4,frank,0.26,0.0243,2.9
2022,2023,primary,4,frank,0.28,0.0276,3
2022,2023,primary,4,frank,0.3,0.0314,3.1
2022,2023,primary,4,frank,0.32,0.0357,3.1
2022,2023,primary,4,frank,0.34,0.0405,3.2
2022,2023,primary,4,frank,0.36,0.046,3.3
2022,2023,primary,4,frank,0.38,0.0521,3.3
2022,2023,primary,4,frank,0.4,0.059,3.3
2022,2023,primary,4,frank,0.42,0.0668,3.4
2022,2023,primary,4,frank,0.44,0.0755,3.5
2022,2023,primary,4,frank,0.46,0.0852,3.5
2022,2023,primary,4,frank,0.48,0.0961,3.6
2022,2023,primary,4,frank,0.5,0.1081,3.6
2022,2023,primary,4,frank,0.52,0.1215,3.6
2022,2023,primary,4,frank,0.54,0.1363,3.7
2022,2023,primary,4,frank,0.56,0.1526,3.7
2022,2023,primary,4,frank,0.58,0.1704,3.8
2022,2023,primary,4,frank,0.6,0.1899,3.8
2022,2023,primary,4,frank,0.62,0.211,3.8
2022,2023,primary,4,frank,0.64,0.2338,3.9
2022,2023,primary,4,frank,0.66,0.2583,3.9
2022,2023,primary,4,frank,0.68,0.2843,3.9
2022,2023,primary,4,frank,0.7,0.3119,4
2022,2023,primary,4,frank,0.72,0.3408,4
2022,2023,primary,4,frank,0.74,0.3711,4.1
2022,2023,primary,4,frank,0.76,0.4023,4.1
2022,2023,primary,4,frank,0.78,0.4344,4.2
2022,2023,primary,4,frank,0.8,0.467,4.2
2022,2023,primary,4,frank,0.82,0.4999,4.3
2022,2023,primary,4,frank,0.84,0.5329,4.4
2022,2023,primary,4,frank,0.86,0.5655,4.4
2022,2023,primary,4,frank,0.88,0.5976,4.5
2022,2023,primary,4,frank,0.9,0.6288,4.6
2022,2023,primary,4,frank,0.92,0.659,4.7
2022,2023,primary,4,frank,0.94,0.688,4.8
2022,2023,primary,4,frank,0.96,0.7156,4.9
2022,2023,primary,3,frank,0.04,0.0049,1.8
2022,2023,primary,3,frank,0.06,0.0056,1.8
2022,2023,primary,3,frank,0.08,0.0064,1.9
2022,2023,primary,3,frank,0.1,0.0073,1.9
2022,2023,primary,3,frank,0.12,0.0083,2.1
2022,2023,primary,3,frank,0.14,0.0095,2.2
2022,2023,primary,3,frank,0.16,0.0108,2.3
2022,2023,primary,3,frank,0.18,0.0124,2.4
2022,2023,primary,3,frank,0.2,0.0141,2.4
2022,2023,primary,3,frank,0.22,0.016,2.5
2022,2023,primary,3,frank,0.24,0.0183,2.6
2022,2023,primary,3,frank,0.26,0.0208,2.7
2022,2023,primary,3,frank,0.28,0.0237,2.7
2022,2023,primary,3,frank,0.3,0.0269,2.8
2022,2023,primary,3,frank,0.32,0.0306,2.9
2022,2023,primary,3,frank,0.34,0.0348,2.9
2022,2023,primary,3,frank,0.36,0.0395,3
2022,2023,primary,3,frank,0.38,0.0449,3
2022,2023,primary,3,frank,0.4,0.0509,3.1
2022,2023,primary,3,frank,0.42,0.0577,3.1
2022,2023,primary,3,frank,0.44,0.0653,3.1
2022,2023,primary,3,frank,0.46,0.0738,3.2
2022,2023,primary,3,frank,0.48,0.0834,3.2
2022,2023,primary,3,frank,0.5,0.0941,3.3
2022,2023,primary,3,frank,0.52,0.106,3.3
2022,2023,primary,3,frank,0.54,0.1192,3.3
2022,2023,primary,3,frank,0.56,0.1338,3.4
2022,2023,primary,3,frank,0.58,0.1499,3.4
2022,2023,primary,3,frank,0.6,0.1676,3.5
2022,2023,primary,3,frank,0.62,0.1868,3.5
2022,2023,primary,3,frank,0.64,0.2078,3.6
2022,2023,primary,3,frank,0.66,0.2304,3.6
2022,2023,primary,3,frank,0.68,0.2547,3.6
2022,2023,primary,3,frank,0.7,0.2806,3.7
2022,2023,primary,3,frank,0.72,0.3081,3.7
2022,2023,primary,3,frank,0.74,0.337,3.8
2022,2023,primary,3,frank,0.76,0.3671,3.8
2022,2023,primary,3,frank,0.78,0.3984,3.9
2022,2023,primary,3,frank,0.8,0.4304,3.9
2022,2023,primary,3,frank,0.82,0.4631,4
2022,2023,primary,3,frank,0.84,0.4961,4
2022,2023,primary,3,frank,0.86,0.5292,4.1
2022,2023,primary,3,frank,0.88,0.562,4.2
2022,2023,primary,3,frank,0.9,0.5942,4.3
2022,2023,primary,3,frank,0.92,0.6257,4.4
2022,2023,primary,3,frank,0.94,0.6561,4.5
2022,2023,primary,3,frank,0.96,0.6853,4.6
2023,2024,primary,8,t,0.04,0.001,1.8
2023,2024,primary,8,t,0.06,0.0015,1.8
2023,2024,primary,8,t,0.08,0.0022,1.9
2023,2024,primary,8,t,0.1,0.0029,1.9
2023,2024,primary,8,t,0.12,0.0036,2.1
2023,2024,primary,8,t,0.14,0.0045,2.3
2023,2024,primary,8,t,0.16,0.0055,2.4
2023,2024,primary,8,t,0.18,0.0065,2.5
2023,2024,primary,8,t,0.2,0.0077,2.6
2023,2024,primary,8,t,0.22,0.009,2.8
2023,2024,primary,8,t,0.24,0.0105,2.9
2023,2024,primary,8,t,0.26,0.012,3
2023,2024,primary,8,t,0.28,0.0138,3
2023,2024,primary,8,t,0.3,0.0156,3.1
2023,2024,primary,8,t,0.32,0.0177,3.1
2023,2024,primary,8,t,0.34,0.0199,3.2
2023,2024,primary,8,t,0.36,0.0224,3.2
2023,2024,primary,8,t,0.38,0.0251,3.3
2023,2024,primary,8,t,0.4,0.028,3.3
2023,2024,primary,8,t,0.42,0.0311,3.3
2023,2024,primary,8,t,0.44,0.0346,3.4
2023,2024,primary,8,t,0.46,0.0384,3.4
2023,2024,primary,8,t,0.48,0.0425,3.5
2023,2024,primary,8,t,0.5,0.047,3.5
2023,2024,primary,8,t,0.52,0.0519,3.5
2023,2024,primary,8,t,0.54,0.0572,3.6
2023,2024,primary,8,t,0.56,0.063,3.6
2023,2024,primary,8,t,0.58,0.0694,3.7
2023,2024,primary,8,t,0.6,0.0764,3.7
2023,2024,primary,8,t,0.62,0.0841,3.7
2023,2024,primary,8,t,0.64,0.0925,3.8
2023,2024,primary,8,t,0.66,0.1017,3.8
2023,2024,primary,8,t,0.68,0.112,3.8
2023,2024,primary,8,t,0.7,0.1232,3.9
2023,2024,primary,8,t,0.72,0.1358,3.9
2023,2024,primary,8,t,0.74,0.1497,4
2023,2024,primary,8,t,0.76,0.1652,4
2023,2024,primary,8,t,0.78,0.1827,4.1
2023,2024,primary,8,t,0.8,0.2023,4.1
2023,2024,primary,8,t,0.82,0.2246,4.2
2023,2024,primary,8,t,0.84,0.2501,4.2
2023,2024,primary,8,t,0.86,0.2795,4.3
2023,2024,primary,8,t,0.88,0.3139,4.3
2023,2024,primary,8,t,0.9,0.3547,4.4
2023,2024,primary,8,t,0.92,0.4042,4.5
2023,2024,primary,8,t,0.94,0.4662,4.6
2023,2024,primary,8,t,0.96,0.548,4.7
2023,2024,primary,7,t,0.04,9e-04,1.8
2023,2024,primary,7,t,0.06,0.0014,1.9
2023,2024,primary,7,t,0.08,0.0019,1.9
2023,2024,primary,7,t,0.1,0.0026,2.1
2023,2024,primary,7,t,0.12,0.0033,2.3
2023,2024,primary,7,t,0.14,0.004,2.4
2023,2024,primary,7,t,0.16,0.0049,2.6
2023,2024,primary,7,t,0.18,0.0059,2.6
2023,2024,primary,7,t,0.2,0.0069,2.8
2023,2024,primary,7,t,0.22,0.008,2.9
2023,2024,primary,7,t,0.24,0.0093,3
2023,2024,primary,7,t,0.26,0.0106,3
2023,2024,primary,7,t,0.28,0.0121,3.1
2023,2024,primary,7,t,0.3,0.0136,3.1
2023,2024,primary,7,t,0.32,0.0153,3.2
2023,2024,primary,7,t,0.34,0.0172,3.2
2023,2024,primary,7,t,0.36,0.0192,3.3
2023,2024,primary,7,t,0.38,0.0214,3.3
2023,2024,primary,7,t,0.4,0.0237,3.3
2023,2024,primary,7,t,0.42,0.0263,3.4
2023,2024,primary,7,t,0.44,0.029,3.4
2023,2024,primary,7,t,0.46,0.032,3.4
2023,2024,primary,7,t,0.48,0.0353,3.5
2023,2024,primary,7,t,0.5,0.0388,3.5
2023,2024,primary,7,t,0.52,0.0425,3.5
2023,2024,primary,7,t,0.54,0.0467,3.6
2023,2024,primary,7,t,0.56,0.0512,3.6
2023,2024,primary,7,t,0.58,0.056,3.7
2023,2024,primary,7,t,0.6,0.0613,3.7
2023,2024,primary,7,t,0.62,0.0671,3.7
2023,2024,primary,7,t,0.64,0.0735,3.7
2023,2024,primary,7,t,0.66,0.0804,3.8
2023,2024,primary,7,t,0.68,0.0881,3.8
2023,2024,primary,7,t,0.7,0.0965,3.9
2023,2024,primary,7,t,0.72,0.1058,3.9
2023,2024,primary,7,t,0.74,0.1162,3.9
2023,2024,primary,7,t,0.76,0.1278,3.9
2023,2024,primary,7,t,0.78,0.1408,4
2023,2024,primary,7,t,0.8,0.1554,4
2023,2024,primary,7,t,0.82,0.1721,4.1
2023,2024,primary,7,t,0.84,0.1913,4.1
2023,2024,primary,7,t,0.86,0.2137,4.2
2023,2024,primary,7,t,0.88,0.24,4.2
2023,2024,primary,7,t,0.9,0.2718,4.3
2023,2024,primary,7,t,0.92,0.3111,4.4
2023,2024,primary,7,t,0.94,0.3619,4.5
2023,2024,primary,7,t,0.96,0.4321,4.6
2023,2024,primary,6,frank,0.04,0.0056,1.8
2023,2024,primary,6,frank,0.06,0.0062,1.9
2023,2024,primary,6,frank,0.08,0.007,2
2023,2024,primary,6,frank,0.1,0.0078,2.4
2023,2024,primary,6,frank,0.12,0.0088,2.6
2023,2024,primary,6,frank,0.14,0.0099,2.8
2023,2024,primary,6,frank,0.16,0.011,3
2023,2024,primary,6,frank,0.18,0.0124,3.2
2023,2024,primary,6,frank,0.2,0.0139,3.3
2023,2024,primary,6,frank,0.22,0.0155,3.4
2023,2024,primary,6,frank,0.24,0.0174,3.5
2023,2024,primary,6,frank,0.26,0.0195,3.5
2023,2024,primary,6,frank,0.28,0.0218,3.6
2023,2024,primary,6,frank,0.3,0.0244,3.7
2023,2024,primary,6,frank,0.32,0.0274,3.7
2023,2024,primary,6,frank,0.34,0.0306,3.8
2023,2024,primary,6,frank,0.36,0.0342,3.8
2023,2024,primary,6,frank,0.38,0.0382,3.9
2023,2024,primary,6,frank,0.4,0.0427,3.9
2023,2024,primary,6,frank,0.42,0.0477,3.9
2023,2024,primary,6,frank,0.44,0.0532,4
2023,2024,primary,6,frank,0.46,0.0594,4.1
2023,2024,primary,6,frank,0.48,0.0661,4.1
2023,2024,primary,6,frank,0.5,0.0736,4.1
2023,2024,primary,6,frank,0.52,0.0819,4.2
2023,2024,primary,6,frank,0.54,0.091,4.2
2023,2024,primary,6,frank,0.56,0.101,4.3
2023,2024,primary,6,frank,0.58,0.112,4.3
2023,2024,primary,6,frank,0.6,0.124,4.4
2023,2024,primary,6,frank,0.62,0.1371,4.4
2023,2024,primary,6,frank,0.64,0.1513,4.5
2023,2024,primary,6,frank,0.66,0.1667,4.5
2023,2024,primary,6,frank,0.68,0.1834,4.5
2023,2024,primary,6,frank,0.7,0.2013,4.6
2023,2024,primary,6,frank,0.72,0.2205,4.6
2023,2024,primary,6,frank,0.74,0.241,4.7
2023,2024,primary,6,frank,0.76,0.2627,4.7
2023,2024,primary,6,frank,0.78,0.2857,4.8
2023,2024,primary,6,frank,0.8,0.3098,4.8
2023,2024,primary,6,frank,0.82,0.335,4.9
2023,2024,primary,6,frank,0.84,0.3612,5
2023,2024,primary,6,frank,0.86,0.3882,5
2023,2024,primary,6,frank,0.88,0.416,5.1
2023,2024,primary,6,frank,0.9,0.4442,5.2
2023,2024,primary,6,frank,0.92,0.4729,5.3
2023,2024,primary,6,frank,0.94,0.5017,5.5
2023,2024,primary,6,frank,0.96,0.5305,5.6
2023,2024,primary,5,frank,0.04,0.0051,1.9
2023,2024,primary,5,frank,0.06,0.0058,2.1
2023,2024,primary,5,frank,0.08,0.0067,2.4
2023,2024,primary,5,frank,0.1,0.0076,2.7
2023,2024,primary,5,frank,0.12,0.0087,2.9
2023,2024,primary,5,frank,0.14,0.0099,3
2023,2024,primary,5,frank,0.16,0.0113,3.1
2023,2024,primary,5,frank,0.18,0.0129,3.3
2023,2024,primary,5,frank,0.2,0.0147,3.3
2023,2024,primary,5,frank,0.22,0.0167,3.4
2023,2024,primary,5,frank,0.24,0.019,3.5
2023,2024,primary,5,frank,0.26,0.0217,3.6
2023,2024,primary,5,frank,0.28,0.0247,3.7
2023,2024,primary,5,frank,0.3,0.0281,3.7
2023,2024,primary,5,frank,0.32,0.0319,3.8
2023,2024,primary,5,frank,0.34,0.0363,3.8
2023,2024,primary,5,frank,0.36,0.0412,3.9
2023,2024,primary,5,frank,0.38,0.0468,3.9
2023,2024,primary,5,frank,0.4,0.053,4
2023,2024,primary,5,frank,0.42,0.0601,4
2023,2024,primary,5,frank,0.44,0.0681,4
2023,2024,primary,5,frank,0.46,0.077,4.1
2023,2024,primary,5,frank,0.48,0.0869,4.1
2023,2024,primary,5,frank,0.5,0.098,4.2
2023,2024,primary,5,frank,0.52,0.1104,4.2
2023,2024,primary,5,frank,0.54,0.1241,4.3
2023,2024,primary,5,frank,0.56,0.1393,4.3
2023,2024,primary,5,frank,0.58,0.1559,4.4
2023,2024,primary,5,frank,0.6,0.1742,4.4
2023,2024,primary,5,frank,0.62,0.1941,4.5
2023,2024,primary,5,frank,0.64,0.2157,4.5
2023,2024,primary,5,frank,0.66,0.239,4.6
2023,2024,primary,5,frank,0.68,0.2639,4.6
2023,2024,primary,5,frank,0.7,0.2904,4.7
2023,2024,primary,5,frank,0.72,0.3185,4.7
2023,2024,primary,5,frank,0.74,0.348,4.8
2023,2024,primary,5,frank,0.76,0.3786,4.8
2023,2024,primary,5,frank,0.78,0.4103,4.8
2023,2024,primary,5,frank,0.8,0.4427,4.9
2023,2024,primary,5,frank,0.82,0.4756,5
2023,2024,primary,5,frank,0.84,0.5087,5
2023,2024,primary,5,frank,0.86,0.5418,5.2
2023,2024,primary,5,frank,0.88,0.5745,5.2
2023,2024,primary,5,frank,0.9,0.6065,5.3
2023,2024,primary,5,frank,0.92,0.6377,5.5
2023,2024,primary,5,frank,0.94,0.6677,5.6
2023,2024,primary,5,frank,0.96,0.6965,5.8
2023,2024,primary,4,frank,0.04,0.0052,1.7
2023,2024,primary,4,frank,0.06,0.006,1.8
2023,2024,primary,4,frank,0.08,0.0069,1.9
2023,2024,primary,4,frank,0.1,0.0079,1.9
2023,2024,primary,4,frank,0.12,0.009,2.1
2023,2024,primary,4,frank,0.14,0.0103,2.2
2023,2024,primary,4,frank,0.16,0.0119,2.4
2023,2024,primary,4,frank,0.18,0.0136,2.5
2023,2024,primary,4,frank,0.2,0.0156,2.6
2023,2024,primary,4,frank,0.22,0.0179,2.7
2023,2024,primary,4,frank,0.24,0.0205,2.8
2023,2024,primary,4,frank,0.26,0.0234,2.9
2023,2024,primary,4,frank,0.28,0.0268,3
2023,2024,primary,4,frank,0.3,0.0307,3
2023,2024,primary,4,frank,0.32,0.0351,3.1
2023,2024,primary,4,frank,0.34,0.0401,3.1
2023,2024,primary,4,frank,0.36,0.0458,3.2
2023,2024,primary,4,frank,0.38,0.0523,3.2
2023,2024,primary,4,frank,0.4,0.0596,3.3
2023,2024,primary,4,frank,0.42,0.0678,3.3
2023,2024,primary,4,frank,0.44,0.0771,3.4
2023,2024,primary,4,frank,0.46,0.0876,3.4
2023,2024,primary,4,frank,0.48,0.0993,3.5
2023,2024,primary,4,frank,0.5,0.1124,3.5
2023,2024,primary,4,frank,0.52,0.127,3.6
2023,2024,primary,4,frank,0.54,0.1432,3.6
2023,2024,primary,4,frank,0.56,0.161,3.7
2023,2024,primary,4,frank,0.58,0.1807,3.7
2023,2024,primary,4,frank,0.6,0.2021,3.8
2023,2024,primary,4,frank,0.62,0.2254,3.8
2023,2024,primary,4,frank,0.64,0.2505,3.8
2023,2024,primary,4,frank,0.66,0.2774,3.9
2023,2024,primary,4,frank,0.68,0.306,3.9
2023,2024,primary,4,frank,0.7,0.3362,3.9
2023,2024,primary,4,frank,0.72,0.3678,4
2023,2024,primary,4,frank,0.74,0.4005,4.1
2023,2024,primary,4,frank,0.76,0.4342,4.1
2023,2024,primary,4,frank,0.78,0.4685,4.2
2023,2024,primary,4,frank,0.8,0.5031,4.2
2023,2024,primary,4,frank,0.82,0.5377,4.3
2023,2024,primary,4,frank,0.84,0.5719,4.4
2023,2024,primary,4,frank,0.86,0.6055,4.4
2023,2024,primary,4,frank,0.88,0.638,4.5
2023,2024,primary,4,frank,0.9,0.6694,4.6
2023,2024,primary,4,frank,0.92,0.6993,4.7
2023,2024,primary,4,frank,0.94,0.7276,4.8
2023,2024,primary,4,frank,0.96,0.7542,5
2023,2024,primary,3,frank,0.04,0.0054,1.8
2023,2024,primary,3,frank,0.06,0.0061,1.9
2023,2024,primary,3,frank,0.08,0.007,1.9
2023,2024,primary,3,frank,0.1,0.0079,1.9
2023,2024,primary,3,frank,0.12,0.009,2.1
2023,2024,primary,3,frank,0.14,0.0103,2.2
2023,2024,primary,3,frank,0.16,0.0117,2.3
2023,2024,primary,3,frank,0.18,0.0133,2.4
2023,2024,primary,3,frank,0.2,0.0151,2.5
2023,2024,primary,3,frank,0.22,0.0172,2.6
2023,2024,primary,3,frank,0.24,0.0195,2.6
2023,2024,primary,3,frank,0.26,0.0222,2.7
2023,2024,primary,3,frank,0.28,0.0252,2.8
2023,2024,primary,3,frank,0.3,0.0286,2.8
2023,2024,primary,3,frank,0.32,0.0324,2.9
2023,2024,primary,3,frank,0.34,0.0368,2.9
2023,2024,primary,3,frank,0.36,0.0417,3
2023,2024,primary,3,frank,0.38,0.0472,3
2023,2024,primary,3,frank,0.4,0.0534,3.1
2023,2024,primary,3,frank,0.42,0.0604,3.1
2023,2024,primary,3,frank,0.44,0.0682,3.1
2023,2024,primary,3,frank,0.46,0.0769,3.2
2023,2024,primary,3,frank,0.48,0.0867,3.2
2023,2024,primary,3,frank,0.5,0.0976,3.3
2023,2024,primary,3,frank,0.52,0.1097,3.3
2023,2024,primary,3,frank,0.54,0.123,3.4
2023,2024,primary,3,frank,0.56,0.1378,3.4
2023,2024,primary,3,frank,0.58,0.154,3.4
2023,2024,primary,3,frank,0.6,0.1717,3.5
2023,2024,primary,3,frank,0.62,0.191,3.5
2023,2024,primary,3,frank,0.64,0.2119,3.6
2023,2024,primary,3,frank,0.66,0.2345,3.6
2023,2024,primary,3,frank,0.68,0.2586,3.6
2023,2024,primary,3,frank,0.7,0.2844,3.7
2023,2024,primary,3,frank,0.72,0.3116,3.7
2023,2024,primary,3,frank,0.74,0.3401,3.8
2023,2024,primary,3,frank,0.76,0.3699,3.8
2023,2024,primary,3,frank,0.78,0.4007,3.8
2023,2024,primary,3,frank,0.8,0.4324,3.9
2023,2024,primary,3,frank,0.82,0.4645,3.9
2023,2024,primary,3,frank,0.84,0.497,4
2023,2024,primary,3,frank,0.86,0.5295,4.1
2023,2024,primary,3,frank,0.88,0.5618,4.2
2023,2024,primary,3,frank,0.9,0.5935,4.3
2023,2024,primary,3,frank,0.92,0.6245,4.4
2023,2024,primary,3,frank,0.94,0.6545,4.5
2023,2024,primary,3,frank,0.96,0.6833,4.7
2024,2025,primary,8,frank,0.04,0.0049,1.7
2024,2025,primary,8,frank,0.06,0.0055,1.8
2024,2025,primary,8,frank,0.08,0.0061,1.8
2024,2025,primary,8,frank,0.1,0.0068,1.9
2024,2025,primary,8,frank,0.12,0.0076,1.9
2024,2025,primary,8,frank,0.14,0.0085,2
2024,2025,primary,8,frank,0.16,0.0095,2.2
2024,2025,primary,8,frank,0.18,0.0105,2.3
2024,2025,primary,8,frank,0.2,0.0117,2.4
2024,2025,primary,8,frank,0.22,0.0131,2.5
2024,2025,primary,8,frank,0.24,0.0146,2.6
2024,2025,primary,8,frank,0.26,0.0163,2.7
2024,2025,primary,8,frank,0.28,0.0181,2.8
2024,2025,primary,8,frank,0.3,0.0202,2.9
2024,2025,primary,8,frank,0.32,0.0225,3
2024,2025,primary,8,frank,0.34,0.025,3.1
2024,2025,primary,8,frank,0.36,0.0278,3.1
2024,2025,primary,8,frank,0.38,0.0309,3.2
2024,2025,primary,8,frank,0.4,0.0344,3.2
2024,2025,primary,8,frank,0.42,0.0382,3.3
2024,2025,primary,8,frank,0.44,0.0425,3.3
2024,2025,primary,8,frank,0.46,0.0472,3.4
2024,2025,primary,8,frank,0.48,0.0524,3.4
2024,2025,primary,8,frank,0.5,0.0581,3.5
2024,2025,primary,8,frank,0.52,0.0644,3.5
2024,2025,primary,8,frank,0.54,0.0713,3.6
2024,2025,primary,8,frank,0.56,0.079,3.6
2024,2025,primary,8,frank,0.58,0.0873,3.7
2024,2025,primary,8,frank,0.6,0.0965,3.7
2024,2025,primary,8,frank,0.62,0.1065,3.7
2024,2025,primary,8,frank,0.64,0.1174,3.8
2024,2025,primary,8,frank,0.66,0.1293,3.8
2024,2025,primary,8,frank,0.68,0.1421,3.9
2024,2025,primary,8,frank,0.7,0.156,3.9
2024,2025,primary,8,frank,0.72,0.171,4
2024,2025,primary,8,frank,0.74,0.1872,4
2024,2025,primary,8,frank,0.76,0.2044,4
2024,2025,primary,8,frank,0.78,0.2229,4.1
2024,2025,primary,8,frank,0.8,0.2425,4.1
2024,2025,primary,8,frank,0.82,0.2632,4.2
2024,2025,primary,8,frank,0.84,0.285,4.2
2024,2025,primary,8,frank,0.86,0.3079,4.3
2024,2025,primary,8,frank,0.88,0.3318,4.4
2024,2025,primary,8,frank,0.9,0.3566,4.4
2024,2025,primary,8,frank,0.92,0.3821,4.5
2024,2025,primary,8,frank,0.94,0.4084,4.6
2024,2025,primary,8,frank,0.96,0.4351,4.8
2024,2025,primary,7,frank,0.04,0.0035,1.7
2024,2025,primary,7,frank,0.06,0.0039,1.8
2024,2025,primary,7,frank,0.08,0.0043,1.9
2024,2025,primary,7,frank,0.1,0.0048,1.9
2024,2025,primary,7,frank,0.12,0.0053,2
2024,2025,primary,7,frank,0.14,0.0059,2.1
2024,2025,primary,7,frank,0.16,0.0065,2.3
2024,2025,primary,7,frank,0.18,0.0072,2.4
2024,2025,primary,7,frank,0.2,0.008,2.5
2024,2025,primary,7,frank,0.22,0.0088,2.6
2024,2025,primary,7,frank,0.24,0.0098,2.7
2024,2025,primary,7,frank,0.26,0.0108,2.8
2024,2025,primary,7,frank,0.28,0.0119,2.9
2024,2025,primary,7,frank,0.3,0.0132,3
2024,2025,primary,7,frank,0.32,0.0146,3
2024,2025,primary,7,frank,0.34,0.0162,3.1
2024,2025,primary,7,frank,0.36,0.0179,3.1
2024,2025,primary,7,frank,0.38,0.0198,3.2
2024,2025,primary,7,frank,0.4,0.0218,3.2
2024,2025,primary,7,frank,0.42,0.0241,3.3
2024,2025,primary,7,frank,0.44,0.0267,3.3
2024,2025,primary,7,frank,0.46,0.0294,3.3
2024,2025,primary,7,frank,0.48,0.0325,3.4
2024,2025,primary,7,frank,0.5,0.0359,3.5
2024,2025,primary,7,frank,0.52,0.0396,3.5
2024,2025,primary,7,frank,0.54,0.0437,3.5
2024,2025,primary,7,frank,0.56,0.0481,3.6
2024,2025,primary,7,frank,0.58,0.053,3.6
2024,2025,primary,7,frank,0.6,0.0584,3.7
2024,2025,primary,7,frank,0.62,0.0643,3.7
2024,2025,primary,7,frank,0.64,0.0707,3.7
2024,2025,primary,7,frank,0.66,0.0777,3.8
2024,2025,primary,7,frank,0.68,0.0854,3.8
2024,2025,primary,7,frank,0.7,0.0937,3.8
2024,2025,primary,7,frank,0.72,0.1028,3.9
2024,2025,primary,7,frank,0.74,0.1126,3.9
2024,2025,primary,7,frank,0.76,0.1232,4
2024,2025,primary,7,frank,0.78,0.1347,4
2024,2025,primary,7,frank,0.8,0.1471,4
2024,2025,primary,7,frank,0.82,0.1603,4.1
2024,2025,primary,7,frank,0.84,0.1746,4.2
2024,2025,primary,7,frank,0.86,0.1898,4.2
2024,2025,primary,7,frank,0.88,0.206,4.3
2024,2025,primary,7,frank,0.9,0.2232,4.3
2024,2025,primary,7,frank,0.92,0.2415,4.4
2024,2025,primary,7,frank,0.94,0.2607,4.5
2024,2025,primary,7,frank,0.96,0.2808,4.6
2024,2025,primary,6,frank,0.04,0.0054,1.7
2024,2025,primary,6,frank,0.06,0.006,1.8
2024,2025,primary,6,frank,0.08,0.0067,1.9
2024,2025,primary,6,frank,0.1,0.0075,2
2024,2025,primary,6,frank,0.12,0.0084,2.2
2024,2025,primary,6,frank,0.14,0.0094,2.4
2024,2025,primary,6,frank,0.16,0.0106,2.7
2024,2025,primary,6,frank,0.18,0.0118,2.9
2024,2025,primary,6,frank,0.2,0.0132,3
2024,2025,primary,6,frank,0.22,0.0148,3.1
2024,2025,primary,6,frank,0.24,0.0165,3.3
2024,2025,primary,6,frank,0.26,0.0185,3.4
2024,2025,primary,6,frank,0.28,0.0207,3.5
2024,2025,primary,6,frank,0.3,0.0231,3.5
2024,2025,primary,6,frank,0.32,0.0258,3.6
2024,2025,primary,6,frank,0.34,0.0288,3.7
2024,2025,primary,6,frank,0.36,0.0322,3.7
2024,2025,primary,6,frank,0.38,0.0359,3.8
2024,2025,primary,6,frank,0.4,0.04,3.8
2024,2025,primary,6,frank,0.42,0.0447,3.9
2024,2025,primary,6,frank,0.44,0.0498,3.9
2024,2025,primary,6,frank,0.46,0.0554,4
2024,2025,primary,6,frank,0.48,0.0617,4
2024,2025,primary,6,frank,0.5,0.0686,4.1
2024,2025,primary,6,frank,0.52,0.0762,4.1
2024,2025,primary,6,frank,0.54,0.0846,4.2
2024,2025,primary,6,frank,0.56,0.0938,4.3
2024,2025,primary,6,frank,0.58,0.104,4.3
2024,2025,primary,6,frank,0.6,0.115,4.4
2024,2025,primary,6,frank,0.62,0.1271,4.4
2024,2025,primary,6,frank,0.64,0.1403,4.5
2024,2025,primary,6,frank,0.66,0.1546,4.5
2024,2025,primary,6,frank,0.68,0.17,4.5
2024,2025,primary,6,frank,0.7,0.1866,4.6
2024,2025,primary,6,frank,0.72,0.2045,4.7
2024,2025,primary,6,frank,0.74,0.2236,4.7
2024,2025,primary,6,frank,0.76,0.244,4.75
2024,2025,primary,6,frank,0.78,0.2655,4.8
2024,2025,primary,6,frank,0.8,0.2883,4.8
2024,2025,primary,6,frank,0.82,0.3122,4.9
2024,2025,primary,6,frank,0.84,0.3371,5
2024,2025,primary,6,frank,0.86,0.3629,5
2024,2025,primary,6,frank,0.88,0.3896,5.2
2024,2025,primary,6,frank,0.9,0.4169,5.2
2024,2025,primary,6,frank,0.92,0.4448,5.4
2024,2025,primary,6,frank,0.94,0.473,5.5
2024,2025,primary,6,frank,0.96,0.5014,5.6
2024,2025,primary,5,frank,0.04,0.0049,1.7
2024,2025,primary,5,frank,0.06,0.0055,1.9
2024,2025,primary,5,frank,0.08,0.0063,1.9
2024,2025,primary,5,frank,0.1,0.0072,2.2
2024,2025,primary,5,frank,0.12,0.0082,2.4
2024,2025,primary,5,frank,0.14,0.0094,2.7
2024,2025,primary,5,frank,0.16,0.0107,2.9
2024,2025,primary,5,frank,0.18,0.0122,3
2024,2025,primary,5,frank,0.2,0.0139,3.1
2024,2025,primary,5,frank,0.22,0.0159,3.2
2024,2025,primary,5,frank,0.24,0.0181,3.3
2024,2025,primary,5,frank,0.26,0.0206,3.4
2024,2025,primary,5,frank,0.28,0.0235,3.5
2024,2025,primary,5,frank,0.3,0.0268,3.5
2024,2025,primary,5,frank,0.32,0.0305,3.6
2024,2025,primary,5,frank,0.34,0.0346,3.7
2024,2025,primary,5,frank,0.36,0.0394,3.7
2024,2025,primary,5,frank,0.38,0.0447,3.8
2024,2025,primary,5,frank,0.4,0.0508,3.8
2024,2025,primary,5,frank,0.42,0.0576,3.9
2024,2025,primary,5,frank,0.44,0.0652,3.9
2024,2025,primary,5,frank,0.46,0.0738,4
2024,2025,primary,5,frank,0.48,0.0835,4
2024,2025,primary,5,frank,0.5,0.0942,4.1
2024,2025,primary,5,frank,0.52,0.1062,4.1
2024,2025,primary,5,frank,0.54,0.1195,4.2
2024,2025,primary,5,frank,0.56,0.1342,4.3
2024,2025,primary,5,frank,0.58,0.1504,4.3
2024,2025,primary,5,frank,0.6,0.1682,4.3
2024,2025,primary,5,frank,0.62,0.1877,4.4
2024,2025,primary,5,frank,0.64,0.2088,4.5
2024,2025,primary,5,frank,0.66,0.2316,4.5
2024,2025,primary,5,frank,0.68,0.2561,4.5
2024,2025,primary,5,frank,0.7,0.2823,4.6
2024,2025,primary,5,frank,0.72,0.31,4.6
2024,2025,primary,5,frank,0.74,0.3392,4.7
2024,2025,primary,5,frank,0.76,0.3696,4.7
2024,2025,primary,5,frank,0.78,0.4011,4.8
2024,2025,primary,5,frank,0.8,0.4334,4.9
2024,2025,primary,5,frank,0.82,0.4663,4.9
2024,2025,primary,5,frank,0.84,0.4995,5
2024,2025,primary,5,frank,0.86,0.5327,5.1
2024,2025,primary,5,frank,0.88,0.5656,5.2
2024,2025,primary,5,frank,0.9,0.598,5.3
2024,2025,primary,5,frank,0.92,0.6295,5.5
2024,2025,primary,5,frank,0.94,0.66,5.6
2024,2025,primary,5,frank,0.96,0.6892,5.8
2024,2025,primary,4,frank,0.04,0.0065,1.6
2024,2025,primary,4,frank,0.06,0.0074,1.7
2024,2025,primary,4,frank,0.08,0.0084,1.8
2024,2025,primary,4,frank,0.1,0.0095,1.9
2024,2025,primary,4,frank,0.12,0.0108,1.9
2024,2025,primary,4,frank,0.14,0.0122,2.1
2024,2025,primary,4,frank,0.16,0.0139,2.3
2024,2025,primary,4,frank,0.18,0.0157,2.4
2024,2025,primary,4,frank,0.2,0.0178,2.5
2024,2025,primary,4,frank,0.22,0.0202,2.6
2024,2025,primary,4,frank,0.24,0.0229,2.7
2024,2025,primary,4,frank,0.26,0.0259,2.8
2024,2025,primary,4,frank,0.28,0.0294,2.9
2024,2025,primary,4,frank,0.3,0.0332,3
2024,2025,primary,4,frank,0.32,0.0376,3.1
2024,2025,primary,4,frank,0.34,0.0425,3.1
2024,2025,primary,4,frank,0.36,0.048,3.2
2024,2025,primary,4,frank,0.38,0.0542,3.3
2024,2025,primary,4,frank,0.4,0.0612,3.3
2024,2025,primary,4,frank,0.42,0.0689,3.4
2024,2025,primary,4,frank,0.44,0.0776,3.4
2024,2025,primary,4,frank,0.46,0.0873,3.5
2024,2025,primary,4,frank,0.48,0.098,3.5
2024,2025,primary,4,frank,0.5,0.1099,3.6
2024,2025,primary,4,frank,0.52,0.123,3.6
2024,2025,primary,4,frank,0.54,0.1375,3.6
2024,2025,primary,4,frank,0.56,0.1534,3.7
2024,2025,primary,4,frank,0.58,0.1707,3.7
2024,2025,primary,4,frank,0.6,0.1896,3.8
2024,2025,primary,4,frank,0.62,0.21,3.8
2024,2025,primary,4,frank,0.64,0.232,3.8
2024,2025,primary,4,frank,0.66,0.2556,3.9
2024,2025,primary,4,frank,0.68,0.2806,3.9
2024,2025,primary,4,frank,0.7,0.3071,4
2024,2025,primary,4,frank,0.72,0.335,4
2024,2025,primary,4,frank,0.74,0.364,4.1
2024,2025,primary,4,frank,0.76,0.3941,4.1
2024,2025,primary,4,frank,0.78,0.425,4.2
2024,2025,primary,4,frank,0.8,0.4565,4.2
2024,2025,primary,4,frank,0.82,0.4884,4.3
2024,2025,primary,4,frank,0.84,0.5203,4.4
2024,2025,primary,4,frank,0.86,0.5521,4.5
2024,2025,primary,4,frank,0.88,0.5835,4.6
2024,2025,primary,4,frank,0.9,0.6142,4.6
2024,2025,primary,4,frank,0.92,0.644,4.75
2024,2025,primary,4,frank,0.94,0.6727,4.9
2024,2025,primary,4,frank,0.96,0.7002,5
2024,2025,primary,3,frank,0.04,0.0066,1.7
2024,2025,primary,3,frank,0.06,0.0074,1.8
2024,2025,primary,3,frank,0.08,0.0084,1.8
2024,2025,primary,3,frank,0.1,0.0095,1.9
2024,2025,primary,3,frank,0.12,0.0108,1.9
2024,2025,primary,3,frank,0.14,0.0122,2
2024,2025,primary,3,frank,0.16,0.0138,2.2
2024,2025,primary,3,frank,0.18,0.0156,2.3
2024,2025,primary,3,frank,0.2,0.0177,2.4
2024,2025,primary,3,frank,0.22,0.02,2.4
2024,2025,primary,3,frank,0.24,0.0226,2.5
2024,2025,primary,3,frank,0.26,0.0255,2.6
2024,2025,primary,3,frank,0.28,0.0288,2.6
2024,2025,primary,3,frank,0.3,0.0325,2.8
2024,2025,primary,3,frank,0.32,0.0367,2.8
2024,2025,primary,3,frank,0.34,0.0414,2.9
2024,2025,primary,3,frank,0.36,0.0466,2.9
2024,2025,primary,3,frank,0.38,0.0525,3
2024,2025,primary,3,frank,0.4,0.0591,3
2024,2025,primary,3,frank,0.42,0.0665,3.1
2024,2025,primary,3,frank,0.44,0.0746,3.1
2024,2025,primary,3,frank,0.46,0.0837,3.2
2024,2025,primary,3,frank,0.48,0.0939,3.2
2024,2025,primary,3,frank,0.5,0.105,3.3
2024,2025,primary,3,frank,0.52,0.1174,3.3
2024,2025,primary,3,frank,0.54,0.131,3.3
2024,2025,primary,3,frank,0.56,0.1459,3.4
2024,2025,primary,3,frank,0.58,0.1622,3.5
2024,2025,primary,3,frank,0.6,0.1799,3.5
2024,2025,primary,3,frank,0.62,0.1991,3.5
2024,2025,primary,3,frank,0.64,0.2197,3.6
2024,2025,primary,3,frank,0.66,0.2419,3.6
2024,2025,primary,3,frank,0.68,0.2656,3.7
2024,2025,primary,3,frank,0.7,0.2907,3.7
2024,2025,primary,3,frank,0.72,0.3171,3.8
2024,2025,primary,3,frank,0.74,0.3448,3.8
2024,2025,primary,3,frank,0.76,0.3736,3.8
2024,2025,primary,3,frank,0.78,0.4032,3.9
2024,2025,primary,3,frank,0.8,0.4337,3.9
2024,2025,primary,3,frank,0.82,0.4646,4
2024,2025,primary,3,frank,0.84,0.4958,4.1
2024,2025,primary,3,frank,0.86,0.527,4.1
2024,2025,primary,3,frank,0.88,0.558,4.2
2024,2025,primary,3,frank,0.9,0.5886,4.3
2024,2025,primary,3,frank,0.92,0.6185,4.4
2024,2025,primary,3,frank,0.94,0.6476,4.5
2024,2025,primary,3,frank,0.96,0.6755,4.7
