cut,n_local,p_local,n_ge,p_ge,YEAR_T,YEAR_T1,window,GRADE
2,207,0,4529,0.0974,2021,2022,primary,8
2.1,147,0,4482,0.0984,2021,2022,primary,8
2.2,158,0,4442,0.0993,2021,2022,primary,8
2.3,178,0,4382,0.1006,2021,2022,primary,8
2.4,190,0.0053,4324,0.102,2021,2022,primary,8
2.5,251,0.004,4264,0.1034,2021,2022,primary,8
2.6,281,0.0036,4192,0.105,2021,2022,primary,8
2.7,308,0.0032,4073,0.108,2021,2022,primary,8
2.8,295,0.0034,3983,0.1105,2021,2022,primary,8
2.9,403,0.005,3884,0.113,2021,2022,primary,8
3,496,0.006,3778,0.1162,2021,2022,primary,8
3.1,608,0.0115,3580,0.1223,2021,2022,primary,8
3.2,668,0.0135,3388,0.1287,2021,2022,primary,8
3.3,726,0.0193,3170,0.1363,2021,2022,primary,8
3.4,730,0.0219,2662,0.1585,2021,2022,primary,8
3.5,783,0.0307,2662,0.1585,2021,2022,primary,8
3.6,809,0.0383,2440,0.1705,2021,2022,primary,8
3.7,831,0.0578,2129,0.1902,2021,2022,primary,8
3.8,789,0.0786,1853,0.211,2021,2022,primary,8
3.9,737,0.1045,1340,0.256,2021,2022,primary,8
4,653,0.124,1340,0.256,2021,2022,primary,8
4.1,575,0.1461,1116,0.2814,2021,2022,primary,8
4.2,469,0.177,956,0.3002,2021,2022,primary,8
4.3,443,0.1828,647,0.357,2021,2022,primary,8
4.4,392,0.2296,647,0.357,2021,2022,primary,8
4.5,348,0.2557,513,0.4016,2021,2022,primary,8
4.6,287,0.2892,373,0.4531,2021,2022,primary,8
4.7,200,0.335,299,0.4749,2021,2022,primary,8
4.8,162,0.3333,173,0.5896,2021,2022,primary,8
4.9,126,0.4127,173,0.5896,2021,2022,primary,8
5,93,0.4839,137,0.6423,2021,2022,primary,8
5.1,77,0.6234,100,0.71,2021,2022,primary,8
5.2,52,0.6923,80,0.7125,2021,2022,primary,8
5.3,47,0.6809,48,,2021,2022,primary,8
5.4,30,0.5667,48,,2021,2022,primary,8
5.5,25,0.68,33,,2021,2022,primary,8
2,215,0,4832,0.0917,2021,2022,primary,7
2.1,161,0,4773,0.0928,2021,2022,primary,7
2.2,176,0,4716,0.0939,2021,2022,primary,7
2.3,186,0.0054,4671,0.0948,2021,2022,primary,7
2.4,206,0.0049,4597,0.0964,2021,2022,primary,7
2.5,248,0.004,4530,0.0976,2021,2022,primary,7
2.6,281,0,4465,0.099,2021,2022,primary,7
2.7,306,0,4349,0.1016,2021,2022,primary,7
2.8,313,0.0064,4249,0.104,2021,2022,primary,7
2.9,442,0.0068,4159,0.1063,2021,2022,primary,7
3,556,0.0072,4036,0.109,2021,2022,primary,7
3.1,672,0.0149,3807,0.1153,2021,2022,primary,7
3.2,728,0.0206,3603,0.1216,2021,2022,primary,7
3.3,848,0.0248,3364,0.1278,2021,2022,primary,7
3.4,955,0.0272,2755,0.1514,2021,2022,primary,7
3.5,1013,0.0286,2755,0.1514,2021,2022,primary,7
3.6,1039,0.0452,2409,0.1677,2021,2022,primary,7
3.7,987,0.0588,2066,0.1912,2021,2022,primary,7
3.8,918,0.0817,1716,0.2156,2021,2022,primary,7
3.9,825,0.1115,1148,0.2787,2021,2022,primary,7
4,697,0.1549,1148,0.2787,2021,2022,primary,7
4.1,591,0.1794,891,0.312,2021,2022,primary,7
4.2,442,0.1923,725,0.3283,2021,2022,primary,7
4.3,370,0.1973,449,0.4298,2021,2022,primary,7
4.4,300,0.27,449,0.4298,2021,2022,primary,7
4.5,251,0.3307,355,0.4648,2021,2022,primary,7
4.6,226,0.3761,257,0.5175,2021,2022,primary,7
4.7,162,0.4506,198,0.5556,2021,2022,primary,7
4.8,130,0.5,95,0.6316,2021,2022,primary,7
4.9,82,0.561,95,0.6316,2021,2022,primary,7
5,59,0.5424,68,0.6618,2021,2022,primary,7
5.1,41,0.5854,47,,2021,2022,primary,7
5.2,27,0.7037,36,,2021,2022,primary,7
5.3,20,0.75,20,,2021,2022,primary,7
5.4,16,0.6875,20,,2021,2022,primary,7
5.5,13,0.6923,16,,2021,2022,primary,7
2,146,0,5756,0.1306,2021,2022,primary,6
2.1,94,0,5716,0.1316,2021,2022,primary,6
2.2,87,0,5692,0.1321,2021,2022,primary,6
2.3,99,0,5662,0.1328,2021,2022,primary,6
2.4,108,0,5629,0.1336,2021,2022,primary,6
2.5,126,0,5593,0.1345,2021,2022,primary,6
2.6,143,0,5554,0.1354,2021,2022,primary,6
2.7,149,0,5503,0.1367,2021,2022,primary,6
2.8,147,0,5450,0.138,2021,2022,primary,6
2.9,194,0,5405,0.1391,2021,2022,primary,6
3,219,0,5356,0.1404,2021,2022,primary,6
3.1,271,0,5256,0.1431,2021,2022,primary,6
3.2,297,0.0034,5186,0.145,2021,2022,primary,6
3.3,376,0.0027,5085,0.1479,2021,2022,primary,6
3.4,462,0.0087,4810,0.1561,2021,2022,primary,6
3.5,542,0.0148,4810,0.1561,2021,2022,primary,6
3.6,622,0.0145,4623,0.1618,2021,2022,primary,6
3.7,703,0.0142,4417,0.1682,2021,2022,primary,6
3.8,798,0.0163,4188,0.1772,2021,2022,primary,6
3.9,888,0.0315,3619,0.2017,2021,2022,primary,6
4,876,0.0434,3619,0.2017,2021,2022,primary,6
4.1,829,0.0555,3300,0.2164,2021,2022,primary,6
4.2,779,0.0757,3044,0.23,2021,2022,primary,6
4.3,787,0.0877,2521,0.2598,2021,2022,primary,6
4.4,875,0.1166,2521,0.2598,2021,2022,primary,6
4.5,857,0.126,2257,0.2796,2021,2022,primary,6
4.6,803,0.1619,1915,0.3039,2021,2022,primary,6
4.7,680,0.2015,1664,0.3287,2021,2022,primary,6
4.8,628,0.2245,1235,0.3603,2021,2022,primary,6
4.9,618,0.233,1235,0.3603,2021,2022,primary,6
5,513,0.2398,1036,0.3919,2021,2022,primary,6
5.1,468,0.297,836,0.427,2021,2022,primary,6
5.2,353,0.3456,722,0.446,2021,2022,primary,6
5.3,352,0.358,483,0.4865,2021,2022,primary,6
5.4,259,0.3629,483,0.4865,2021,2022,primary,6
5.5,251,0.3665,370,0.5297,2021,2022,primary,6
2,174,0,6980,0.2168,2021,2022,primary,5
2.1,103,0,6947,0.2178,2021,2022,primary,5
2.2,118,0,6913,0.2189,2021,2022,primary,5
2.3,129,0.0078,6877,0.22,2021,2022,primary,5
2.4,145,0.0138,6829,0.2216,2021,2022,primary,5
2.5,148,0.0135,6784,0.2229,2021,2022,primary,5
2.6,161,0.0062,6732,0.2245,2021,2022,primary,5
2.7,169,0,6681,0.2262,2021,2022,primary,5
2.8,177,0,6623,0.2281,2021,2022,primary,5
2.9,251,0.004,6563,0.2302,2021,2022,primary,5
3,297,0.0067,6504,0.2323,2021,2022,primary,5
3.1,359,0.0084,6372,0.237,2021,2022,primary,5
3.2,354,0.0141,6266,0.2408,2021,2022,primary,5
3.3,442,0.0136,6145,0.2454,2021,2022,primary,5
3.4,565,0.0177,5824,0.2581,2021,2022,primary,5
3.5,668,0.0195,5824,0.2581,2021,2022,primary,5
3.6,776,0.0335,5580,0.2685,2021,2022,primary,5
3.7,864,0.0428,5350,0.2789,2021,2022,primary,5
3.8,1013,0.0563,5048,0.2926,2021,2022,primary,5
3.9,1137,0.0677,4337,0.3309,2021,2022,primary,5
4,1079,0.0834,4337,0.3309,2021,2022,primary,5
4.1,1032,0.1047,3911,0.358,2021,2022,primary,5
4.2,930,0.1258,3637,0.377,2021,2022,primary,5
4.3,941,0.152,2981,0.4304,2021,2022,primary,5
4.4,1014,0.1913,2981,0.4304,2021,2022,primary,5
4.5,980,0.2388,2696,0.4555,2021,2022,primary,5
4.6,981,0.2732,2291,0.4945,2021,2022,primary,5
4.7,803,0.3213,2001,0.5242,2021,2022,primary,5
4.8,723,0.3707,1488,0.588,2021,2022,primary,5
4.9,678,0.441,1488,0.588,2021,2022,primary,5
5,569,0.4728,1278,0.6111,2021,2022,primary,5
5.1,545,0.5009,1037,0.6374,2021,2022,primary,5
5.2,403,0.5136,919,0.6594,2021,2022,primary,5
5.3,372,0.543,634,0.7161,2021,2022,primary,5
5.4,304,0.5691,634,0.7161,2021,2022,primary,5
5.5,264,0.625,547,0.7386,2021,2022,primary,5
2,346,0.0058,7022,0.2343,2021,2022,primary,4
2.1,227,0,6950,0.2367,2021,2022,primary,4
2.2,237,0,6885,0.2389,2021,2022,primary,4
2.3,280,0.0036,6795,0.2421,2021,2022,primary,4
2.4,297,0.0101,6713,0.245,2021,2022,primary,4
2.5,380,0.0079,6605,0.2489,2021,2022,primary,4
2.6,398,0.0075,6498,0.2527,2021,2022,primary,4
2.7,476,0.0063,6333,0.2593,2021,2022,primary,4
2.8,465,0.0151,6207,0.2644,2021,2022,primary,4
2.9,534,0.0187,6022,0.2722,2021,2022,primary,4
3,584,0.0257,5868,0.2786,2021,2022,primary,4
3.1,687,0.0277,5673,0.2875,2021,2022,primary,4
3.2,781,0.0307,5438,0.2986,2021,2022,primary,4
3.3,908,0.0419,5181,0.3119,2021,2022,primary,4
3.4,1034,0.059,4530,0.3501,2021,2022,primary,4
3.5,1132,0.0848,4530,0.3501,2021,2022,primary,4
3.6,1183,0.1133,4147,0.375,2021,2022,primary,4
3.7,1216,0.1546,3760,0.4019,2021,2022,primary,4
3.8,1229,0.1904,3347,0.4338,2021,2022,primary,4
3.9,1231,0.2331,2531,0.5045,2021,2022,primary,4
4,1083,0.2752,2531,0.5045,2021,2022,primary,4
4.1,958,0.334,2116,0.5506,2021,2022,primary,4
4.2,793,0.401,1848,0.5785,2021,2022,primary,4
4.3,776,0.4575,1323,0.6402,2021,2022,primary,4
4.4,725,0.4814,1323,0.6402,2021,2022,primary,4
4.5,662,0.5332,1072,0.666,2021,2022,primary,4
4.6,574,0.5645,848,0.717,2021,2022,primary,4
4.7,499,0.6613,661,0.7474,2021,2022,primary,4
4.8,420,0.7048,349,0.7966,2021,2022,primary,4
4.9,334,0.7575,349,0.7966,2021,2022,primary,4
5,221,0.7783,241,0.8216,2021,2022,primary,4
5.1,157,0.8089,164,0.8354,2021,2022,primary,4
5.2,99,0.798,128,0.8281,2021,2022,primary,4
5.3,90,0.7889,65,0.8923,2021,2022,primary,4
5.4,61,0.8197,65,0.8923,2021,2022,primary,4
5.5,53,0.8868,38,,2021,2022,primary,4
2,453,0,6558,0.2493,2021,2022,primary,3
2.1,354,0.0028,6449,0.2535,2021,2022,primary,3
2.2,370,0.0081,6348,0.2576,2021,2022,primary,3
2.3,458,0.0131,6204,0.2634,2021,2022,primary,3
2.4,481,0.0187,6079,0.2685,2021,2022,primary,3
2.5,604,0.0265,5890,0.2766,2021,2022,primary,3
2.6,608,0.0263,5723,0.2839,2021,2022,primary,3
2.7,680,0.0221,5475,0.2952,2021,2022,primary,3
2.8,640,0.0234,5282,0.3054,2021,2022,primary,3
2.9,731,0.0301,5043,0.3193,2021,2022,primary,3
3,772,0.0389,4835,0.3311,2021,2022,primary,3
3.1,874,0.0561,4551,0.3496,2021,2022,primary,3
3.2,933,0.0868,4271,0.3699,2021,2022,primary,3
3.3,990,0.1253,3961,0.3918,2021,2022,primary,3
3.4,1034,0.1509,3281,0.4438,2021,2022,primary,3
3.5,1006,0.17,3281,0.4438,2021,2022,primary,3
3.6,1040,0.2183,2927,0.4769,2021,2022,primary,3
3.7,1063,0.2766,2612,0.5126,2021,2022,primary,3
3.8,1066,0.348,2241,0.5484,2021,2022,primary,3
3.9,913,0.3779,1546,0.6261,2021,2022,primary,3
4,748,0.4372,1546,0.6261,2021,2022,primary,3
4.1,630,0.473,1328,0.6657,2021,2022,primary,3
4.2,595,0.5597,1116,0.6944,2021,2022,primary,3
4.3,534,0.5918,733,0.7517,2021,2022,primary,3
4.4,473,0.6342,733,0.7517,2021,2022,primary,3
4.5,403,0.6625,582,0.7887,2021,2022,primary,3
4.6,335,0.7194,443,0.8352,2021,2022,primary,3
4.7,270,0.8037,330,0.8606,2021,2022,primary,3
4.8,205,0.8488,173,0.8844,2021,2022,primary,3
4.9,162,0.858,173,0.8844,2021,2022,primary,3
5,109,0.844,125,0.88,2021,2022,primary,3
5.1,84,0.8571,85,0.9294,2021,2022,primary,3
5.2,56,0.9464,64,0.9531,2021,2022,primary,3
5.3,46,0.9783,29,,2021,2022,primary,3
5.4,29,0.9655,29,,2021,2022,primary,3
5.5,20,0.95,18,,2021,2022,primary,3
2,246,0,5086,0.1129,2022,2023,primary,8
2.1,153,0,5023,0.1143,2022,2023,primary,8
2.2,179,0.0056,4979,0.1153,2022,2023,primary,8
2.3,200,0.005,4933,0.1164,2022,2023,primary,8
2.4,230,0.0043,4844,0.1183,2022,2023,primary,8
2.5,270,0.0037,4779,0.1199,2022,2023,primary,8
2.6,299,0.0067,4703,0.1218,2022,2023,primary,8
2.7,321,0.0062,4574,0.1251,2022,2023,primary,8
2.8,316,0.0095,4480,0.1275,2022,2023,primary,8
2.9,462,0.013,4382,0.1303,2022,2023,primary,8
3,574,0.0192,4258,0.1336,2022,2023,primary,8
3.1,656,0.0168,4018,0.1406,2022,2023,primary,8
3.2,666,0.0195,3808,0.1471,2022,2023,primary,8
3.3,738,0.0203,3602,0.1549,2022,2023,primary,8
3.4,816,0.0294,3070,0.1775,2022,2023,primary,8
3.5,899,0.0267,3070,0.1775,2022,2023,primary,8
3.6,904,0.0365,2786,0.1917,2022,2023,primary,8
3.7,925,0.0627,2453,0.2152,2022,2023,primary,8
3.8,896,0.096,2166,0.2364,2022,2023,primary,8
3.9,911,0.1109,1557,0.2839,2022,2023,primary,8
4,793,0.1173,1557,0.2839,2022,2023,primary,8
4.1,702,0.1553,1255,0.3275,2022,2023,primary,8
4.2,565,0.2053,1068,0.3586,2022,2023,primary,8
4.3,505,0.2495,690,0.4275,2022,2023,primary,8
4.4,431,0.3016,690,0.4275,2022,2023,primary,8
4.5,361,0.338,563,0.4565,2022,2023,primary,8
4.6,327,0.3792,424,0.4788,2022,2023,primary,8
4.7,246,0.4065,329,0.5258,2022,2023,primary,8
4.8,195,0.4718,178,0.5787,2022,2023,primary,8
4.9,146,0.5137,178,0.5787,2022,2023,primary,8
5,100,0.48,134,0.6045,2022,2023,primary,8
5.1,74,0.4865,90,0.6444,2022,2023,primary,8
5.2,40,0.475,78,0.7051,2022,2023,primary,8
5.3,43,0.5814,50,0.78,2022,2023,primary,8
5.4,33,0.6364,50,0.78,2022,2023,primary,8
5.5,32,0.6875,35,,2022,2023,primary,8
2,189,0,5126,0.08,2022,2023,primary,7
2.1,125,0,5074,0.0808,2022,2023,primary,7
2.2,159,0,5042,0.0813,2022,2023,primary,7
2.3,190,0,5001,0.082,2022,2023,primary,7
2.4,218,0,4915,0.0834,2022,2023,primary,7
2.5,235,0,4852,0.0845,2022,2023,primary,7
2.6,253,0,4783,0.0857,2022,2023,primary,7
2.7,271,0,4680,0.0876,2022,2023,primary,7
2.8,285,0.0035,4599,0.0891,2022,2023,primary,7
2.9,422,0.0024,4512,0.0909,2022,2023,primary,7
3,558,0.0054,4395,0.0931,2022,2023,primary,7
3.1,665,0.006,4177,0.0979,2022,2023,primary,7
3.2,745,0.0081,3954,0.1029,2022,2023,primary,7
3.3,841,0.0119,3730,0.1086,2022,2023,primary,7
3.4,932,0.0139,3113,0.1275,2022,2023,primary,7
3.5,961,0.0219,3113,0.1275,2022,2023,primary,7
3.6,1039,0.0385,2798,0.1401,2022,2023,primary,7
3.7,1051,0.0523,2471,0.1546,2022,2023,primary,7
3.8,1052,0.0656,2074,0.1721,2022,2023,primary,7
3.9,937,0.0886,1419,0.2206,2022,2023,primary,7
4,789,0.1179,1419,0.2206,2022,2023,primary,7
4.1,720,0.1528,1137,0.241,2022,2023,primary,7
4.2,599,0.1603,958,0.2547,2022,2023,primary,7
4.3,553,0.1754,538,0.3309,2022,2023,primary,7
4.4,423,0.2199,538,0.3309,2022,2023,primary,7
4.5,346,0.2659,405,0.363,2022,2023,primary,7
4.6,293,0.3072,276,0.3986,2022,2023,primary,7
4.7,195,0.3231,192,0.4479,2022,2023,primary,7
4.8,137,0.3796,81,0.5802,2022,2023,primary,7
4.9,75,0.4267,81,0.5802,2022,2023,primary,7
5,51,0.549,55,0.6182,2022,2023,primary,7
5.1,33,0.6061,37,,2022,2023,primary,7
5.2,21,0.7143,30,,2022,2023,primary,7
5.3,16,0.625,16,,2022,2023,primary,7
5.4,12,0.5,16,,2022,2023,primary,7
5.5,,,14,,2022,2023,primary,7
2,175,0.0114,7620,0.213,2022,2023,primary,5
2.1,121,0.0165,7577,0.2141,2022,2023,primary,5
2.2,126,0.0079,7540,0.2151,2022,2023,primary,5
2.3,149,0.0067,7499,0.2162,2022,2023,primary,5
2.4,163,0,7451,0.2176,2022,2023,primary,5
2.5,182,0,7391,0.2193,2022,2023,primary,5
2.6,190,0,7336,0.221,2022,2023,primary,5
2.7,204,0,7269,0.223,2022,2023,primary,5
2.8,211,0,7201,0.2251,2022,2023,primary,5
2.9,253,0.0079,7132,0.2273,2022,2023,primary,5
3,298,0.0067,7058,0.2297,2022,2023,primary,5
3.1,353,0.0085,6948,0.233,2022,2023,primary,5
3.2,397,0.0101,6834,0.2369,2022,2023,primary,5
3.3,454,0.0154,6705,0.2413,2022,2023,primary,5
3.4,523,0.0153,6380,0.2527,2022,2023,primary,5
3.5,604,0.0166,6380,0.2527,2022,2023,primary,5
3.6,714,0.0182,6182,0.2604,2022,2023,primary,5
3.7,845,0.026,5947,0.2699,2022,2023,primary,5
3.8,999,0.036,5666,0.2822,2022,2023,primary,5
3.9,1151,0.0521,4948,0.3171,2022,2023,primary,5
4,1160,0.0638,4948,0.3171,2022,2023,primary,5
4.1,1072,0.0793,4515,0.3409,2022,2023,primary,5
4.2,1011,0.0969,4177,0.3625,2022,2023,primary,5
4.3,982,0.1212,3504,0.4112,2022,2023,primary,5
4.4,1133,0.1553,3504,0.4112,2022,2023,primary,5
4.5,1048,0.1899,3195,0.4366,2022,2023,primary,5
4.6,1043,0.2359,2743,0.4769,2022,2023,primary,5
4.7,860,0.2919,2456,0.5057,2022,2023,primary,5
4.8,825,0.3333,1883,0.5613,2022,2023,primary,5
4.9,755,0.3642,1883,0.5613,2022,2023,primary,5
5,630,0.3889,1631,0.5929,2022,2023,primary,5
5.1,601,0.4376,1397,0.6256,2022,2023,primary,5
5.2,501,0.483,1253,0.648,2022,2023,primary,5
5.3,481,0.5218,896,0.7054,2022,2023,primary,5
5.4,391,0.5754,896,0.7054,2022,2023,primary,5
5.5,343,0.5918,772,0.7267,2022,2023,primary,5
2,172,0.0116,6176,0.1516,2022,2023,primary,6
2.1,89,0.0112,6150,0.1522,2022,2023,primary,6
2.2,113,0.0088,6118,0.1528,2022,2023,primary,6
2.3,121,0,6087,0.1536,2022,2023,primary,6
2.4,142,0.007,6037,0.1549,2022,2023,primary,6
2.5,144,0.0069,5997,0.1559,2022,2023,primary,6
2.6,158,0.0063,5945,0.1571,2022,2023,primary,6
2.7,149,0,5893,0.1585,2022,2023,primary,6
2.8,156,0,5839,0.16,2022,2023,primary,6
2.9,194,0,5796,0.1611,2022,2023,primary,6
3,230,0.0043,5737,0.1628,2022,2023,primary,6
3.1,269,0.0037,5645,0.1655,2022,2023,primary,6
3.2,296,0.0034,5566,0.1676,2022,2023,primary,6
3.3,371,0.0054,5468,0.1706,2022,2023,primary,6
3.4,452,0.0066,5195,0.1792,2022,2023,primary,6
3.5,538,0.0056,5195,0.1792,2022,2023,primary,6
3.6,627,0.0096,5016,0.1854,2022,2023,primary,6
3.7,702,0.0185,4811,0.1933,2022,2023,primary,6
3.8,800,0.0362,4568,0.2025,2022,2023,primary,6
3.9,879,0.0535,4011,0.2246,2022,2023,primary,6
4,884,0.0656,4011,0.2246,2022,2023,primary,6
4.1,899,0.0712,3689,0.238,2022,2023,primary,6
4.2,826,0.0775,3430,0.2504,2022,2023,primary,6
4.3,852,0.0962,2863,0.2843,2022,2023,primary,6
4.4,898,0.1258,2863,0.2843,2022,2023,primary,6
4.5,910,0.1462,2578,0.3014,2022,2023,primary,6
4.6,868,0.159,2214,0.327,2022,2023,primary,6
4.7,749,0.1829,1953,0.3487,2022,2023,primary,6
4.8,696,0.2026,1465,0.4007,2022,2023,primary,6
4.9,649,0.228,1465,0.4007,2022,2023,primary,6
5,546,0.2619,1257,0.4296,2022,2023,primary,6
5.1,502,0.2869,1061,0.4628,2022,2023,primary,6
5.2,407,0.3464,919,0.4831,2022,2023,primary,6
5.3,415,0.3566,654,0.5352,2022,2023,primary,6
5.4,326,0.4356,654,0.5352,2022,2023,primary,6
5.5,318,0.4371,504,0.5873,2022,2023,primary,6
2,349,0.0086,7007,0.242,2022,2023,primary,4
2.1,260,0.0038,6934,0.2446,2022,2023,primary,4
2.2,291,0.0034,6866,0.247,2022,2023,primary,4
2.3,372,0.0054,6747,0.2512,2022,2023,primary,4
2.4,381,0.0052,6643,0.2552,2022,2023,primary,4
2.5,435,0.0092,6494,0.2609,2022,2023,primary,4
2.6,435,0.0092,6366,0.2659,2022,2023,primary,4
2.7,508,0.0098,6208,0.2724,2022,2023,primary,4
2.8,492,0.0061,6059,0.2789,2022,2023,primary,4
2.9,574,0.0139,5858,0.2882,2022,2023,primary,4
3,635,0.0205,5716,0.2953,2022,2023,primary,4
3.1,771,0.0298,5485,0.3067,2022,2023,primary,4
3.2,838,0.0394,5223,0.3207,2022,2023,primary,4
3.3,876,0.0514,4945,0.3367,2022,2023,primary,4
3.4,947,0.0697,4347,0.375,2022,2023,primary,4
3.5,1011,0.1009,4347,0.375,2022,2023,primary,4
3.6,1074,0.1341,3998,0.3999,2022,2023,primary,4
3.7,1147,0.1718,3636,0.4255,2022,2023,primary,4
3.8,1204,0.211,3273,0.454,2022,2023,primary,4
3.9,1197,0.2548,2432,0.5317,2022,2023,primary,4
4,1052,0.308,2432,0.5317,2022,2023,primary,4
4.1,942,0.3599,2076,0.5689,2022,2023,primary,4
4.2,817,0.4296,1799,0.5992,2022,2023,primary,4
4.3,759,0.473,1259,0.6593,2022,2023,primary,4
4.4,658,0.5304,1259,0.6593,2022,2023,primary,4
4.5,599,0.5593,1040,0.6913,2022,2023,primary,4
4.6,520,0.6115,832,0.7272,2022,2023,primary,4
4.7,447,0.6667,660,0.75,2022,2023,primary,4
4.8,370,0.673,385,0.7974,2022,2023,primary,4
4.9,306,0.6993,385,0.7974,2022,2023,primary,4
5,212,0.7406,290,0.8483,2022,2023,primary,4
5.1,166,0.8253,214,0.8738,2022,2023,primary,4
5.2,117,0.8547,173,0.8671,2022,2023,primary,4
5.3,112,0.8571,97,0.8969,2022,2023,primary,4
5.4,75,0.8533,97,0.8969,2022,2023,primary,4
5.5,63,0.8889,61,0.8852,2022,2023,primary,4
2,563,0.0089,6974,0.2237,2022,2023,primary,3
2.1,434,0.0092,6843,0.2278,2022,2023,primary,3
2.2,434,0.0069,6725,0.2318,2022,2023,primary,3
2.3,516,0.0078,6540,0.2379,2022,2023,primary,3
2.4,476,0.0021,6409,0.2428,2022,2023,primary,3
2.5,598,0.005,6209,0.2504,2022,2023,primary,3
2.6,620,0.0113,6064,0.2564,2022,2023,primary,3
2.7,754,0.0225,5811,0.2673,2022,2023,primary,3
2.8,727,0.0358,5589,0.277,2022,2023,primary,3
2.9,864,0.0405,5310,0.2896,2022,2023,primary,3
3,937,0.0598,5084,0.3004,2022,2023,primary,3
3.1,1101,0.0663,4725,0.3202,2022,2023,primary,3
3.2,1131,0.0769,4373,0.3389,2022,2023,primary,3
3.3,1182,0.0948,3983,0.3651,2022,2023,primary,3
3.4,1171,0.1281,3191,0.4293,2022,2023,primary,3
3.5,1156,0.1704,3191,0.4293,2022,2023,primary,3
3.6,1110,0.2108,2812,0.4637,2022,2023,primary,3
3.7,1095,0.2639,2438,0.5041,2022,2023,primary,3
3.8,1035,0.3169,2081,0.5459,2022,2023,primary,3
3.9,901,0.3785,1403,0.6422,2022,2023,primary,3
4,745,0.4309,1403,0.6422,2022,2023,primary,3
4.1,604,0.4934,1180,0.6737,2022,2023,primary,3
4.2,549,0.5355,972,0.714,2022,2023,primary,3
4.3,472,0.6123,631,0.794,2022,2023,primary,3
4.4,420,0.6643,631,0.794,2022,2023,primary,3
4.5,330,0.7212,500,0.81,2022,2023,primary,3
4.6,272,0.761,379,0.8549,2022,2023,primary,3
4.7,209,0.8134,301,0.8738,2022,2023,primary,3
4.8,188,0.8511,170,0.9059,2022,2023,primary,3
4.9,136,0.8235,170,0.9059,2022,2023,primary,3
5,93,0.8817,113,0.9115,2022,2023,primary,3
5.1,60,0.9,92,0.9348,2022,2023,primary,3
5.2,49,0.9592,77,0.9351,2022,2023,primary,3
5.3,46,0.9565,43,,2022,2023,primary,3
5.4,31,0.9677,43,,2022,2023,primary,3
5.5,26,0.8846,31,,2022,2023,primary,3
2,343,0,5312,0.134,2023,2024,primary,8
2.1,193,0,5243,0.1358,2023,2024,primary,8
2.2,223,0,5181,0.1374,2023,2024,primary,8
2.3,251,0,5119,0.1391,2023,2024,primary,8
2.4,270,0,5020,0.1418,2023,2024,primary,8
2.5,303,0.0033,4930,0.1444,2023,2024,primary,8
2.6,304,0.0033,4849,0.1468,2023,2024,primary,8
2.7,332,0.012,4717,0.1507,2023,2024,primary,8
2.8,319,0.0094,4626,0.1537,2023,2024,primary,8
2.9,480,0.0187,4517,0.1567,2023,2024,primary,8
3,608,0.023,4398,0.161,2023,2024,primary,8
3.1,711,0.0295,4146,0.1693,2023,2024,primary,8
3.2,709,0.0254,3909,0.1775,2023,2024,primary,8
3.3,742,0.0229,3687,0.1863,2023,2024,primary,8
3.4,840,0.031,3437,0.199,2023,2024,primary,8
3.5,895,0.0525,3167,0.2138,2023,2024,primary,8
3.6,971,0.0669,2847,0.2322,2023,2024,primary,8
3.7,976,0.0922,2542,0.2506,2023,2024,primary,8
3.8,967,0.1075,2196,0.2787,2023,2024,primary,8
3.9,876,0.1507,1871,0.3052,2023,2024,primary,8
4,781,0.1677,1575,0.3384,2023,2024,primary,8
4.1,740,0.2014,1320,0.3636,2023,2024,primary,8
4.2,641,0.2153,1090,0.4037,2023,2024,primary,8
4.3,561,0.2763,679,0.5037,2023,2024,primary,8
4.4,452,0.3496,679,0.5037,2023,2024,primary,8
4.5,380,0.4158,529,0.5388,2023,2024,primary,8
4.6,327,0.4404,383,0.5901,2023,2024,primary,8
4.7,234,0.4915,299,0.6154,2023,2024,primary,8
4.8,191,0.534,202,0.698,2023,2024,primary,8
4.9,126,0.6587,149,0.745,2023,2024,primary,8
5,98,0.7143,108,0.7593,2023,2024,primary,8
5.1,72,0.7361,76,0.7632,2023,2024,primary,8
5.2,51,0.7647,51,0.8039,2023,2024,primary,8
5.3,37,0.8108,36,,2023,2024,primary,8
5.4,25,0.84,25,,2023,2024,primary,8
5.5,17,0.8235,14,,2023,2024,primary,8
2,314,0,5349,0.1041,2023,2024,primary,7
2.1,185,0.0054,5278,0.1055,2023,2024,primary,7
2.2,204,0.0049,5231,0.1065,2023,2024,primary,7
2.3,229,0.0044,5164,0.1077,2023,2024,primary,7
2.4,248,0.0081,5074,0.1096,2023,2024,primary,7
2.5,274,0.0073,5002,0.1112,2023,2024,primary,7
2.6,299,0.0134,4916,0.1127,2023,2024,primary,7
2.7,352,0.0057,4800,0.1154,2023,2024,primary,7
2.8,366,0.0055,4703,0.1174,2023,2024,primary,7
2.9,497,0.0121,4564,0.1209,2023,2024,primary,7
3,571,0.0158,4434,0.1245,2023,2024,primary,7
3.1,715,0.021,4206,0.1298,2023,2024,primary,7
3.2,795,0.0201,3993,0.136,2023,2024,primary,7
3.3,872,0.0206,3719,0.1444,2023,2024,primary,7
3.4,938,0.0309,3411,0.1554,2023,2024,primary,7
3.5,950,0.0411,3121,0.1682,2023,2024,primary,7
3.6,1026,0.0634,2781,0.1827,2023,2024,primary,7
3.7,1019,0.0667,2461,0.1995,2023,2024,primary,7
3.8,1075,0.0884,2095,0.2196,2023,2024,primary,7
3.9,1017,0.1062,1762,0.2497,2023,2024,primary,7
4,876,0.145,1386,0.2857,2023,2024,primary,7
4.1,729,0.1811,1078,0.3265,2023,2024,primary,7
4.2,587,0.2351,886,0.3533,2023,2024,primary,7
4.3,512,0.2637,491,0.4358,2023,2024,primary,7
4.4,405,0.3111,491,0.4358,2023,2024,primary,7
4.5,311,0.3698,374,0.4759,2023,2024,primary,7
4.6,265,0.4189,252,0.5476,2023,2024,primary,7
4.7,179,0.4972,180,0.55,2023,2024,primary,7
4.8,130,0.5154,109,0.6147,2023,2024,primary,7
4.9,82,0.5976,73,0.6712,2023,2024,primary,7
5,54,0.6481,50,0.64,2023,2024,primary,7
5.1,38,0.5789,27,,2023,2024,primary,7
5.2,18,0.5556,19,,2023,2024,primary,7
5.3,13,0.6923,12,,2023,2024,primary,7
5.4,,,,,2023,2024,primary,7
5.5,,,,,2023,2024,primary,7
2,252,0,6454,0.1642,2023,2024,primary,6
2.1,147,0.0068,6394,0.1658,2023,2024,primary,6
2.2,122,0.0082,6348,0.167,2023,2024,primary,6
2.3,125,0.016,6307,0.1679,2023,2024,primary,6
2.4,148,0.0068,6272,0.1688,2023,2024,primary,6
2.5,182,0.011,6223,0.17,2023,2024,primary,6
2.6,197,0.0051,6159,0.1718,2023,2024,primary,6
2.7,199,0.005,6090,0.1736,2023,2024,primary,6
2.8,196,0,6026,0.1754,2023,2024,primary,6
2.9,238,0.0042,5960,0.1773,2023,2024,primary,6
3,263,0.0038,5894,0.1793,2023,2024,primary,6
3.1,315,0.0032,5788,0.1824,2023,2024,primary,6
3.2,340,0.0088,5697,0.1854,2023,2024,primary,6
3.3,397,0.0126,5579,0.1893,2023,2024,primary,6
3.4,461,0.0195,5448,0.1933,2023,2024,primary,6
3.5,529,0.0227,5300,0.1983,2023,2024,primary,6
3.6,625,0.0304,5118,0.2046,2023,2024,primary,6
3.7,728,0.0385,4919,0.2116,2023,2024,primary,6
3.8,857,0.0455,4675,0.2207,2023,2024,primary,6
3.9,957,0.0502,4390,0.2321,2023,2024,primary,6
4,950,0.0568,4062,0.2467,2023,2024,primary,6
4.1,921,0.0771,3718,0.2647,2023,2024,primary,6
4.2,879,0.0944,3440,0.2805,2023,2024,primary,6
4.3,884,0.1143,2839,0.3174,2023,2024,primary,6
4.4,949,0.1275,2839,0.3174,2023,2024,primary,6
4.5,962,0.1642,2556,0.338,2023,2024,primary,6
4.6,948,0.1941,2192,0.3695,2023,2024,primary,6
4.7,821,0.2424,1877,0.3958,2023,2024,primary,6
4.8,732,0.2732,1608,0.4229,2023,2024,primary,6
4.9,671,0.3189,1371,0.4457,2023,2024,primary,6
5,577,0.338,1145,0.4742,2023,2024,primary,6
5.1,530,0.3717,937,0.4973,2023,2024,primary,6
5.2,416,0.3918,794,0.5239,2023,2024,primary,6
5.3,389,0.437,615,0.5626,2023,2024,primary,6
5.4,275,0.4691,521,0.5816,2023,2024,primary,6
5.5,286,0.493,405,0.6074,2023,2024,primary,6
2,234,0.0043,7651,0.2193,2023,2024,primary,5
2.1,134,0,7606,0.2206,2023,2024,primary,5
2.2,138,0.0072,7565,0.2218,2023,2024,primary,5
2.3,151,0.0066,7517,0.2232,2023,2024,primary,5
2.4,160,0.0063,7468,0.2246,2023,2024,primary,5
2.5,199,0.005,7414,0.2262,2023,2024,primary,5
2.6,221,0.009,7357,0.2279,2023,2024,primary,5
2.7,239,0.0167,7269,0.2306,2023,2024,primary,5
2.8,237,0.0127,7193,0.2329,2023,2024,primary,5
2.9,320,0.0063,7118,0.235,2023,2024,primary,5
3,371,0.0054,7032,0.2379,2023,2024,primary,5
3.1,412,0.0049,6873,0.2434,2023,2024,primary,5
3.2,421,0.019,6747,0.2477,2023,2024,primary,5
3.3,494,0.0142,6620,0.2524,2023,2024,primary,5
3.4,562,0.016,6452,0.2581,2023,2024,primary,5
3.5,648,0.0123,6253,0.2661,2023,2024,primary,5
3.6,723,0.0221,6058,0.2743,2023,2024,primary,5
3.7,838,0.031,5804,0.2855,2023,2024,primary,5
3.8,949,0.0379,5530,0.298,2023,2024,primary,5
3.9,1080,0.0519,5220,0.3134,2023,2024,primary,5
4,1086,0.0773,4855,0.3339,2023,2024,primary,5
4.1,1058,0.1049,4450,0.3578,2023,2024,primary,5
4.2,956,0.1224,4134,0.3754,2023,2024,primary,5
4.3,975,0.1538,3494,0.4222,2023,2024,primary,5
4.4,1054,0.1935,3494,0.4222,2023,2024,primary,5
4.5,1067,0.2362,3159,0.4438,2023,2024,primary,5
4.6,1025,0.2546,2743,0.4761,2023,2024,primary,5
4.7,941,0.2901,2427,0.5039,2023,2024,primary,5
4.8,889,0.3195,2134,0.5347,2023,2024,primary,5
4.9,850,0.3659,1802,0.5733,2023,2024,primary,5
5,673,0.419,1538,0.6105,2023,2024,primary,5
5.1,637,0.4678,1284,0.6464,2023,2024,primary,5
5.2,508,0.5236,1129,0.6652,2023,2024,primary,5
5.3,457,0.5361,901,0.7114,2023,2024,primary,5
5.4,363,0.6198,776,0.7268,2023,2024,primary,5
5.5,318,0.6164,672,0.753,2023,2024,primary,5
2,422,0.0024,7521,0.2594,2023,2024,primary,4
2.1,325,0.0123,7427,0.2627,2023,2024,primary,4
2.2,330,0.0121,7335,0.2658,2023,2024,primary,4
2.3,420,0.0095,7196,0.2706,2023,2024,primary,4
2.4,388,0.0026,7097,0.2743,2023,2024,primary,4
2.5,474,0.0063,6915,0.2814,2023,2024,primary,4
2.6,443,0.0158,6808,0.2858,2023,2024,primary,4
2.7,565,0.0159,6623,0.2935,2023,2024,primary,4
2.8,554,0.0162,6472,0.2996,2023,2024,primary,4
2.9,673,0.0208,6243,0.3103,2023,2024,primary,4
3,742,0.0323,6069,0.3188,2023,2024,primary,4
3.1,876,0.0422,5799,0.332,2023,2024,primary,4
3.2,940,0.0447,5501,0.3478,2023,2024,primary,4
3.3,981,0.0632,5193,0.3655,2023,2024,primary,4
3.4,1050,0.0781,4859,0.3875,2023,2024,primary,4
3.5,1087,0.1132,4520,0.4095,2023,2024,primary,4
3.6,1138,0.1424,4143,0.4383,2023,2024,primary,4
3.7,1174,0.1917,3772,0.4666,2023,2024,primary,4
3.8,1222,0.2439,3382,0.4994,2023,2024,primary,4
3.9,1225,0.3004,2969,0.5359,2023,2024,primary,4
4,1076,0.342,2550,0.5733,2023,2024,primary,4
4.1,919,0.3896,2157,0.6124,2023,2024,primary,4
4.2,772,0.421,1893,0.6461,2023,2024,primary,4
4.3,726,0.4917,1385,0.7191,2023,2024,primary,4
4.4,675,0.5378,1385,0.7191,2023,2024,primary,4
4.5,608,0.6036,1167,0.7421,2023,2024,primary,4
4.6,537,0.6499,956,0.7751,2023,2024,primary,4
4.7,457,0.6958,777,0.8095,2023,2024,primary,4
4.8,399,0.7544,630,0.8206,2023,2024,primary,4
4.9,350,0.7686,499,0.8477,2023,2024,primary,4
5,261,0.8199,378,0.8677,2023,2024,primary,4
5.1,203,0.8522,280,0.8857,2023,2024,primary,4
5.2,134,0.8881,238,0.8782,2023,2024,primary,4
5.3,128,0.8438,175,0.8857,2023,2024,primary,4
5.4,95,0.8421,146,0.8836,2023,2024,primary,4
5.5,98,0.8673,110,0.9182,2023,2024,primary,4
2,554,0.0126,7124,0.2263,2023,2024,primary,3
2.1,367,0.0109,7006,0.2299,2023,2024,primary,3
2.2,371,0.0135,6896,0.2336,2023,2024,primary,3
2.3,470,0.0149,6757,0.238,2023,2024,primary,3
2.4,508,0.0098,6635,0.242,2023,2024,primary,3
2.5,667,0.0135,6426,0.2496,2023,2024,primary,3
2.6,674,0.0208,6249,0.2565,2023,2024,primary,3
2.7,826,0.0291,5968,0.2676,2023,2024,primary,3
2.8,819,0.0342,5752,0.2764,2023,2024,primary,3
2.9,955,0.0325,5423,0.2912,2023,2024,primary,3
3,1015,0.0433,5149,0.3047,2023,2024,primary,3
3.1,1129,0.0593,4797,0.325,2023,2024,primary,3
3.2,1166,0.0866,4408,0.3482,2023,2024,primary,3
3.3,1189,0.106,4020,0.3736,2023,2024,primary,3
3.4,1186,0.1273,3631,0.4015,2023,2024,primary,3
3.5,1202,0.1589,3219,0.4377,2023,2024,primary,3
3.6,1135,0.2167,2834,0.4767,2023,2024,primary,3
3.7,1107,0.2728,2429,0.5216,2023,2024,primary,3
3.8,1016,0.3435,2084,0.5581,2023,2024,primary,3
3.9,875,0.3771,1727,0.6074,2023,2024,primary,3
4,696,0.4468,1413,0.6497,2023,2024,primary,3
4.1,580,0.5224,1209,0.689,2023,2024,primary,3
4.2,557,0.5799,1031,0.7158,2023,2024,primary,3
4.3,493,0.6166,652,0.7822,2023,2024,primary,3
4.4,406,0.633,652,0.7822,2023,2024,primary,3
4.5,324,0.6821,538,0.8067,2023,2024,primary,3
4.6,286,0.7378,427,0.8384,2023,2024,primary,3
4.7,244,0.7828,328,0.8811,2023,2024,primary,3
4.8,194,0.8454,252,0.8849,2023,2024,primary,3
4.9,147,0.8367,183,0.9126,2023,2024,primary,3
5,91,0.8681,134,0.9328,2023,2024,primary,3
5.1,64,0.8906,105,0.9524,2023,2024,primary,3
5.2,50,0.92,92,0.9565,2023,2024,primary,3
5.3,50,0.94,70,0.9714,2023,2024,primary,3
5.4,37,0.9459,55,0.9818,2023,2024,primary,3
5.5,25,0.96,42,,2023,2024,primary,3
2,412,0.0024,5609,0.1405,2024,2025,primary,8
2.1,262,0.0038,5503,0.1432,2024,2025,primary,8
2.2,266,0.0075,5427,0.145,2024,2025,primary,8
2.3,275,0.0036,5347,0.1472,2024,2025,primary,8
2.4,317,0.0032,5237,0.1501,2024,2025,primary,8
2.5,358,0,5152,0.1526,2024,2025,primary,8
2.6,374,0.0053,5030,0.1563,2024,2025,primary,8
2.7,382,0.0079,4879,0.1611,2024,2025,primary,8
2.8,367,0.0109,4778,0.1641,2024,2025,primary,8
2.9,505,0.0099,4648,0.1685,2024,2025,primary,8
3,591,0.0085,4512,0.1733,2024,2025,primary,8
3.1,698,0.0201,4273,0.1823,2024,2025,primary,8
3.2,712,0.0295,4057,0.1918,2024,2025,primary,8
3.3,758,0.0462,3814,0.2014,2024,2025,primary,8
3.4,793,0.0555,3299,0.2252,2024,2025,primary,8
3.5,811,0.0666,3299,0.2252,2024,2025,primary,8
3.6,857,0.0793,3021,0.2397,2024,2025,primary,8
3.7,914,0.1061,2750,0.256,2024,2025,primary,8
3.8,940,0.1255,2442,0.2764,2024,2025,primary,8
3.9,942,0.1582,1810,0.3238,2024,2025,primary,8
4,844,0.1848,1810,0.3238,2024,2025,primary,8
4.1,801,0.211,1500,0.3507,2024,2025,primary,8
4.2,685,0.2263,1263,0.3729,2024,2025,primary,8
4.3,615,0.2374,815,0.4552,2024,2025,primary,8
4.4,527,0.2846,815,0.4552,2024,2025,primary,8
4.5,425,0.3341,648,0.5015,2024,2025,primary,8
4.6,378,0.4021,482,0.5539,2024,2025,primary,8
4.7,283,0.47,390,0.5872,2024,2025,primary,8
4.8,246,0.5163,199,0.6734,2024,2025,primary,8
4.9,171,0.5731,199,0.6734,2024,2025,primary,8
5,130,0.6077,144,0.7083,2024,2025,primary,8
5.1,96,0.6562,99,0.7576,2024,2025,primary,8
5.2,64,0.7031,69,0.7971,2024,2025,primary,8
5.3,48,0.7917,35,,2024,2025,primary,8
5.4,30,0.8,35,,2024,2025,primary,8
5.5,22,0.8636,21,,2024,2025,primary,8
2,462,0.0022,5785,0.0863,2024,2025,primary,7
2.1,255,0.0039,5680,0.0877,2024,2025,primary,7
2.2,279,0,5601,0.0889,2024,2025,primary,7
2.3,312,0.0064,5530,0.0901,2024,2025,primary,7
2.4,348,0.0057,5401,0.0922,2024,2025,primary,7
2.5,367,0.0082,5289,0.0938,2024,2025,primary,7
2.6,382,0.0026,5182,0.0957,2024,2025,primary,7
2.7,409,0.0073,5034,0.0983,2024,2025,primary,7
2.8,398,0.0101,4907,0.1009,2024,2025,primary,7
2.9,547,0.0073,4773,0.1033,2024,2025,primary,7
3,653,0.0077,4636,0.1059,2024,2025,primary,7
3.1,765,0.0131,4360,0.1126,2024,2025,primary,7
3.2,776,0.0168,4120,0.1184,2024,2025,primary,7
3.3,865,0.0185,3871,0.1243,2024,2025,primary,7
3.4,957,0.0209,3255,0.145,2024,2025,primary,7
3.5,981,0.0265,3255,0.145,2024,2025,primary,7
3.6,986,0.0355,2914,0.1582,2024,2025,primary,7
3.7,990,0.0414,2603,0.1736,2024,2025,primary,7
3.8,1012,0.0731,2269,0.1926,2024,2025,primary,7
3.9,982,0.0957,1591,0.2376,2024,2025,primary,7
4,843,0.121,1591,0.2376,2024,2025,primary,7
4.1,768,0.138,1287,0.2665,2024,2025,primary,7
4.2,634,0.1767,1081,0.2942,2024,2025,primary,7
4.3,587,0.2198,653,0.3538,2024,2025,primary,7
4.4,492,0.2541,653,0.3538,2024,2025,primary,7
4.5,399,0.2782,494,0.3826,2024,2025,primary,7
4.6,323,0.3096,331,0.4441,2024,2025,primary,7
4.7,207,0.3671,254,0.4724,2024,2025,primary,7
4.8,169,0.3964,124,0.5726,2024,2025,primary,7
4.9,119,0.4622,124,0.5726,2024,2025,primary,7
5,84,0.5119,85,0.6235,2024,2025,primary,7
5.1,61,0.5738,52,0.6538,2024,2025,primary,7
5.2,35,0.6,40,,2024,2025,primary,7
5.3,26,0.6538,17,,2024,2025,primary,7
5.4,11,0.7273,17,,2024,2025,primary,7
5.5,10,0.6,14,,2024,2025,primary,7
2,304,0.0066,6631,0.1583,2024,2025,primary,6
2.1,186,0.0054,6562,0.16,2024,2025,primary,6
2.2,173,0.0058,6506,0.1612,2024,2025,primary,6
2.3,193,0,6445,0.1628,2024,2025,primary,6
2.4,192,0.0052,6389,0.1642,2024,2025,primary,6
2.5,201,0.005,6313,0.1662,2024,2025,primary,6
2.6,204,0.0049,6253,0.1676,2024,2025,primary,6
2.7,197,0,6188,0.1694,2024,2025,primary,6
2.8,216,0,6109,0.1716,2024,2025,primary,6
2.9,261,0.0038,6056,0.1731,2024,2025,primary,6
3,309,0.0065,5972,0.1755,2024,2025,primary,6
3.1,365,0.0055,5848,0.179,2024,2025,primary,6
3.2,384,0.0026,5747,0.182,2024,2025,primary,6
3.3,438,0.0023,5607,0.1866,2024,2025,primary,6
3.4,500,0.01,5309,0.1968,2024,2025,primary,6
3.5,577,0.0139,5309,0.1968,2024,2025,primary,6
3.6,656,0.0168,5107,0.2038,2024,2025,primary,6
3.7,740,0.023,4887,0.2124,2024,2025,primary,6
3.8,793,0.0303,4653,0.2222,2024,2025,primary,6
3.9,848,0.0436,4094,0.2477,2024,2025,primary,6
4,839,0.0501,4094,0.2477,2024,2025,primary,6
4.1,824,0.0704,3805,0.262,2024,2025,primary,6
4.2,810,0.0901,3528,0.2783,2024,2025,primary,6
4.3,801,0.1149,2995,0.3085,2024,2025,primary,6
4.4,981,0.1346,2995,0.3085,2024,2025,primary,6
4.5,973,0.1583,2727,0.3264,2024,2025,primary,6
4.6,980,0.1806,2289,0.36,2024,2025,primary,6
4.7,819,0.221,2022,0.3808,2024,2025,primary,6
4.8,787,0.2478,1470,0.4374,2024,2025,primary,6
4.9,726,0.2893,1470,0.4374,2024,2025,primary,6
5,561,0.3262,1235,0.4656,2024,2025,primary,6
5.1,503,0.3499,1021,0.4927,2024,2025,primary,6
5.2,397,0.3703,909,0.5061,2024,2025,primary,6
5.3,432,0.3889,624,0.5705,2024,2025,primary,6
5.4,348,0.4339,624,0.5705,2024,2025,primary,6
5.5,353,0.4759,477,0.6122,2024,2025,primary,6
2,338,0.003,8107,0.2215,2024,2025,primary,5
2.1,194,0,8051,0.2231,2024,2025,primary,5
2.2,213,0,7985,0.2249,2024,2025,primary,5
2.3,223,0,7913,0.227,2024,2025,primary,5
2.4,222,0.0045,7838,0.2291,2024,2025,primary,5
2.5,237,0.0042,7762,0.2314,2024,2025,primary,5
2.6,264,0.0038,7691,0.2334,2024,2025,primary,5
2.7,282,0,7601,0.2362,2024,2025,primary,5
2.8,308,0,7498,0.2394,2024,2025,primary,5
2.9,361,0.0028,7409,0.2423,2024,2025,primary,5
3,427,0.0047,7293,0.2461,2024,2025,primary,5
3.1,500,0.006,7137,0.2514,2024,2025,primary,5
3.2,539,0.0186,6982,0.2568,2024,2025,primary,5
3.3,601,0.0233,6793,0.2638,2024,2025,primary,5
3.4,672,0.0327,6381,0.2788,2024,2025,primary,5
3.5,757,0.0343,6381,0.2788,2024,2025,primary,5
3.6,809,0.042,6121,0.2892,2024,2025,primary,5
3.7,883,0.0408,5841,0.301,2024,2025,primary,5
3.8,981,0.0459,5572,0.3132,2024,2025,primary,5
3.9,1085,0.0682,4860,0.3525,2024,2025,primary,5
4,1044,0.0948,4860,0.3525,2024,2025,primary,5
4.1,977,0.1208,4487,0.3724,2024,2025,primary,5
4.2,956,0.1266,4194,0.3898,2024,2025,primary,5
4.3,984,0.1494,3531,0.439,2024,2025,primary,5
4.4,1164,0.1821,3531,0.439,2024,2025,primary,5
4.5,1104,0.2301,3210,0.4636,2024,2025,primary,5
4.6,1079,0.2549,2719,0.5086,2024,2025,primary,5
4.7,880,0.3045,2427,0.534,2024,2025,primary,5
4.8,853,0.3388,1839,0.6063,2024,2025,primary,5
4.9,799,0.403,1839,0.6063,2024,2025,primary,5
5,667,0.4558,1574,0.6398,2024,2025,primary,5
5.1,596,0.4866,1332,0.6689,2024,2025,primary,5
5.2,475,0.5347,1172,0.692,2024,2025,primary,5
5.3,447,0.5794,857,0.7433,2024,2025,primary,5
5.4,393,0.6463,857,0.7433,2024,2025,primary,5
5.5,362,0.6519,725,0.7614,2024,2025,primary,5
2,460,0.0152,7585,0.2461,2024,2025,primary,4
2.1,316,0.0222,7474,0.2494,2024,2025,primary,4
2.2,308,0.0162,7387,0.2522,2024,2025,primary,4
2.3,391,0.0128,7269,0.2559,2024,2025,primary,4
2.4,408,0.0147,7166,0.2594,2024,2025,primary,4
2.5,485,0.0227,6996,0.2656,2024,2025,primary,4
2.6,447,0.0268,6861,0.2702,2024,2025,primary,4
2.7,505,0.0198,6681,0.2766,2024,2025,primary,4
2.8,491,0.0265,6549,0.2819,2024,2025,primary,4
2.9,612,0.0245,6356,0.2901,2024,2025,primary,4
3,667,0.0315,6190,0.2964,2024,2025,primary,4
3.1,794,0.0378,5937,0.3084,2024,2025,primary,4
3.2,864,0.0463,5689,0.3204,2024,2025,primary,4
3.3,945,0.0656,5396,0.3345,2024,2025,primary,4
3.4,1045,0.0746,4744,0.3712,2024,2025,primary,4
3.5,1130,0.1106,4744,0.3712,2024,2025,primary,4
3.6,1216,0.1357,4351,0.3969,2024,2025,primary,4
3.7,1246,0.1677,3943,0.4225,2024,2025,primary,4
3.8,1247,0.1836,3528,0.4524,2024,2025,primary,4
3.9,1236,0.2128,2696,0.533,2024,2025,primary,4
4,1111,0.2601,2696,0.533,2024,2025,primary,4
4.1,984,0.3323,2292,0.5816,2024,2025,primary,4
4.2,824,0.4078,1994,0.6163,2024,2025,primary,4
4.3,743,0.4563,1468,0.6792,2024,2025,primary,4
4.4,665,0.4872,1468,0.6792,2024,2025,primary,4
4.5,624,0.5417,1251,0.7114,2024,2025,primary,4
4.6,571,0.6007,1047,0.7507,2024,2025,primary,4
4.7,506,0.6462,844,0.7808,2024,2025,primary,4
4.8,420,0.6976,541,0.8484,2024,2025,primary,4
4.9,365,0.7425,541,0.8484,2024,2025,primary,4
5,280,0.8107,424,0.8632,2024,2025,primary,4
5.1,233,0.8112,315,0.8762,2024,2025,primary,4
5.2,151,0.8212,261,0.8889,2024,2025,primary,4
5.3,149,0.8523,164,0.9268,2024,2025,primary,4
5.4,109,0.8991,164,0.9268,2024,2025,primary,4
5.5,103,0.9126,112,0.9375,2024,2025,primary,4
2,629,0.0079,7699,0.2356,2024,2025,primary,3
2.1,485,0.0124,7552,0.2401,2024,2025,primary,3
2.2,501,0.018,7413,0.2442,2024,2025,primary,3
2.3,572,0.021,7214,0.2506,2024,2025,primary,3
2.4,568,0.0229,7051,0.2559,2024,2025,primary,3
2.5,707,0.0269,6841,0.2628,2024,2025,primary,3
2.6,721,0.0222,6646,0.2701,2024,2025,primary,3
2.7,828,0.0302,6344,0.2814,2024,2025,primary,3
2.8,801,0.0337,6120,0.2912,2024,2025,primary,3
2.9,942,0.0456,5818,0.3042,2024,2025,primary,3
3,972,0.0514,5543,0.3172,2024,2025,primary,3
3.1,1070,0.071,5178,0.3358,2024,2025,primary,3
3.2,1104,0.0951,4846,0.3549,2024,2025,primary,3
3.3,1177,0.1181,4473,0.376,2024,2025,primary,3
3.4,1211,0.1387,3669,0.4309,2024,2025,primary,3
3.5,1224,0.174,3669,0.4309,2024,2025,primary,3
3.6,1214,0.2166,3262,0.4641,2024,2025,primary,3
3.7,1219,0.2781,2850,0.4986,2024,2025,primary,3
3.8,1165,0.3313,2455,0.5369,2024,2025,primary,3
3.9,1054,0.3909,1685,0.6142,2024,2025,primary,3
4,873,0.4296,1685,0.6142,2024,2025,primary,3
4.1,693,0.469,1401,0.6467,2024,2025,primary,3
4.2,608,0.523,1170,0.6838,2024,2025,primary,3
4.3,547,0.5704,793,0.7415,2024,2025,primary,3
4.4,498,0.6245,793,0.7415,2024,2025,primary,3
4.5,405,0.6395,623,0.7833,2024,2025,primary,3
4.6,321,0.7072,494,0.8077,2024,2025,primary,3
4.7,265,0.7509,388,0.8479,2024,2025,primary,3
4.8,231,0.8268,229,0.8734,2024,2025,primary,3
4.9,190,0.8421,229,0.8734,2024,2025,primary,3
5,142,0.8521,157,0.879,2024,2025,primary,3
5.1,96,0.8438,112,0.9018,2024,2025,primary,3
5.2,67,0.8806,87,0.908,2024,2025,primary,3
5.3,48,0.875,45,,2024,2025,primary,3
5.4,35,0.9429,45,,2024,2025,primary,3
5.5,23,0.913,39,,2024,2025,primary,3
