family,n,loglik,aic,bic,tau,rho,df,lambda_lower,lambda_upper,converged,best_aic,YEAR_T,YEAR_T1,window,GRADE
t,4846,1408.9696,-2813.9393,-2800.9674,0.4642,,25.6604,0.0288,0.0288,TRUE,TRUE,2021,2022,primary,8
frank,4846,1380.3991,-2758.7981,-2752.3122,0.4769,0.6677,,0,0,TRUE,FALSE,2021,2022,primary,8
gaussian,4846,1402.717,-2803.4341,-2796.9482,0.4621,0.6461,,0,0,TRUE,FALSE,2021,2022,primary,8
t,5080,1351.2141,-2698.4282,-2685.3621,0.4453,,30.6739,0.0134,0.0134,TRUE,TRUE,2021,2022,primary,7
frank,5080,1291.4584,-2580.9169,-2574.3838,0.4526,0.6385,,0,0,TRUE,FALSE,2021,2022,primary,7
gaussian,5080,1346.8727,-2691.7454,-2685.2123,0.4441,0.6245,,0,0,TRUE,FALSE,2021,2022,primary,7
t,5999,1737.2922,-3470.5843,-3457.1856,0.4622,,151.8806,0,0,TRUE,FALSE,2021,2022,primary,6
frank,5999,1667.3602,-3332.7203,-3326.021,0.4699,0.6594,,0,0,TRUE,FALSE,2021,2022,primary,6
gaussian,5999,1737.8648,-3473.7295,-3467.0302,0.4622,0.6462,,0,0,TRUE,TRUE,2021,2022,primary,6
t,7251,2627.4614,-5250.9229,-5237.1451,0.5114,,37.6985,0.0163,0.0163,TRUE,TRUE,2021,2022,primary,5
frank,7251,2617.1713,-5232.3427,-5225.4538,0.5281,0.7264,,0,0,TRUE,FALSE,2021,2022,primary,5
gaussian,7251,2623.1775,-5244.355,-5237.4661,0.51,0.7014,,0,0,TRUE,FALSE,2021,2022,primary,5
t,7594,2653.9783,-5303.9566,-5290.0864,0.5027,,137.9449,0,0,TRUE,FALSE,2021,2022,primary,4
frank,7594,2653.5417,-5305.0834,-5298.1483,0.5197,0.717,,0,0,TRUE,FALSE,2021,2022,primary,4
gaussian,7594,2654.1582,-5306.3163,-5299.3812,0.5023,0.6928,,0,0,TRUE,TRUE,2021,2022,primary,4
t,7176,2499.8973,-4995.7947,-4982.0377,0.5022,,97.5658,1e-04,1e-04,TRUE,FALSE,2021,2022,primary,3
frank,7176,2521.2842,-5040.5684,-5033.6899,0.5206,0.718,,0,0,TRUE,TRUE,2021,2022,primary,3
gaussian,7176,2499.4799,-4996.9598,-4990.0813,0.5016,0.692,,0,0,TRUE,FALSE,2021,2022,primary,3
t,5498,1814.8166,-3625.6332,-3612.409,0.4907,,31.524,0.0217,0.0217,TRUE,TRUE,2022,2023,primary,8
frank,5498,1753.02,-3504.04,-3497.4279,0.5006,0.6954,,0,0,TRUE,FALSE,2022,2023,primary,8
gaussian,5498,1810.3771,-3618.7542,-3612.1421,0.4894,0.6781,,0,0,TRUE,FALSE,2022,2023,primary,8
t,5456,1538.231,-3072.462,-3059.253,0.4576,,39.6478,0.0061,0.0061,TRUE,TRUE,2022,2023,primary,7
frank,5456,1519.3027,-3036.6055,-3030.001,0.4712,0.661,,0,0,TRUE,FALSE,2022,2023,primary,7
gaussian,5456,1535.5345,-3069.069,-3062.4645,0.4562,0.6391,,0,0,TRUE,FALSE,2022,2023,primary,7
t,7987,3164.4636,-6324.9272,-6310.956,0.5313,,48.2323,0.0093,0.0093,TRUE,TRUE,2022,2023,primary,5
frank,7987,3124.0973,-6246.1947,-6239.2091,0.546,0.7459,,0,0,TRUE,FALSE,2022,2023,primary,5
gaussian,7987,3162.6911,-6323.3823,-6316.3967,0.5304,0.7239,,0,0,TRUE,FALSE,2022,2023,primary,5
t,6577,2170.2503,-4336.5007,-4322.918,0.4908,,37.8565,0.012,0.012,TRUE,TRUE,2022,2023,primary,6
frank,6577,2122.6282,-4243.2565,-4236.4652,0.5024,0.6975,,0,0,TRUE,FALSE,2022,2023,primary,6
gaussian,6577,2166.6501,-4331.3002,-4324.5089,0.4894,0.6781,,0,0,TRUE,FALSE,2022,2023,primary,6
t,7747,2895.776,-5787.5519,-5773.6418,0.5184,,54.8705,0.0044,0.0044,TRUE,FALSE,2022,2023,primary,4
frank,7747,2997.6491,-5993.2981,-5986.3431,0.5437,0.7434,,0,0,TRUE,TRUE,2022,2023,primary,4
gaussian,7747,2895.5874,-5789.1749,-5782.2198,0.5173,0.7096,,0,0,TRUE,FALSE,2022,2023,primary,4
t,7759,2882.3449,-5760.6898,-5746.7765,0.518,,31.5957,0.0299,0.0299,TRUE,FALSE,2022,2023,primary,3
frank,7759,3008.4347,-6014.8693,-6007.9127,0.5447,0.7445,,0,0,TRUE,TRUE,2022,2023,primary,3
gaussian,7759,2873.8541,-5745.7082,-5738.7516,0.5153,0.7073,,0,0,TRUE,FALSE,2022,2023,primary,3
t,5924,2053.0103,-4102.0205,-4088.647,0.502,,27.8356,0.0349,0.0349,TRUE,TRUE,2023,2024,primary,8
frank,5924,2037.7959,-4073.5917,-4066.905,0.5178,0.7149,,0,0,TRUE,FALSE,2023,2024,primary,8
gaussian,5924,2046.5569,-4091.1138,-4084.427,0.4999,0.69,,0,0,TRUE,FALSE,2023,2024,primary,8
t,5838,1718.3724,-3432.7447,-3419.4004,0.4663,,47.2729,0.0033,0.0033,TRUE,TRUE,2023,2024,primary,7
frank,5838,1693.1604,-3384.3209,-3377.6487,0.4794,0.6707,,0,0,TRUE,FALSE,2023,2024,primary,7
gaussian,5838,1717.1518,-3432.3036,-3425.6314,0.4653,0.65,,0,0,TRUE,FALSE,2023,2024,primary,7
t,6945,2222.6871,-4441.3742,-4427.6826,0.4837,,96.9917,0,0,TRUE,FALSE,2023,2024,primary,6
frank,6945,2232.5552,-4463.1103,-4456.2646,0.5019,0.6968,,0,0,TRUE,TRUE,2023,2024,primary,6
gaussian,6945,2222.4908,-4442.9817,-4436.1359,0.4831,0.6708,,0,0,TRUE,FALSE,2023,2024,primary,6
t,8070,3104.3858,-6204.7716,-6190.7797,0.5246,,60.4613,0.0032,0.0032,TRUE,FALSE,2023,2024,primary,5
frank,8070,3152.8237,-6303.6474,-6296.6515,0.5454,0.7452,,0,0,TRUE,TRUE,2023,2024,primary,5
gaussian,8070,3105.1163,-6208.2325,-6201.2366,0.5239,0.7168,,0,0,TRUE,FALSE,2023,2024,primary,5
t,8383,3370.2456,-6736.4912,-6722.4233,0.5348,,61.1237,0.0037,0.0037,TRUE,FALSE,2023,2024,primary,4
frank,8383,3470.1817,-6938.3635,-6931.3295,0.5591,0.7597,,0,0,TRUE,TRUE,2023,2024,primary,4
gaussian,8383,3370.9812,-6739.9625,-6732.9285,0.5339,0.7278,,0,0,TRUE,FALSE,2023,2024,primary,4
t,7923,2981.0408,-5958.0816,-5944.1265,0.5204,,28.9848,0.0384,0.0384,TRUE,FALSE,2023,2024,primary,3
frank,7923,3009.9008,-6017.8016,-6010.8241,0.5396,0.739,,0,0,TRUE,TRUE,2023,2024,primary,3
gaussian,7923,2971.9619,-5941.9238,-5934.9463,0.5181,0.7105,,0,0,TRUE,FALSE,2023,2024,primary,3
t,6468,1904.7786,-3805.5571,-3792.0079,0.4666,,54.5753,0.0016,0.0016,TRUE,FALSE,2024,2025,primary,8
frank,6468,1940.4241,-3878.8481,-3872.0735,0.4861,0.6785,,0,0,TRUE,TRUE,2024,2025,primary,8
gaussian,6468,1905.5185,-3809.037,-3802.2624,0.4657,0.6504,,0,0,TRUE,FALSE,2024,2025,primary,8
t,6563,1734.973,-3465.9461,-3452.3677,0.4444,,52.1396,0.0013,0.0013,TRUE,FALSE,2024,2025,primary,7
frank,6563,1769.5428,-3537.0857,-3530.2965,0.4635,0.6518,,0,0,TRUE,TRUE,2024,2025,primary,7
gaussian,6563,1734.573,-3467.146,-3460.3568,0.4433,0.6235,,0,0,TRUE,FALSE,2024,2025,primary,7
t,7355,2297.7945,-4591.5889,-4577.7827,0.4786,,79.105,2e-04,2e-04,TRUE,FALSE,2024,2025,primary,6
frank,7355,2319.1507,-4636.3015,-4629.3983,0.497,0.6913,,0,0,TRUE,TRUE,2024,2025,primary,6
gaussian,7355,2297.0935,-4592.187,-4585.2838,0.4779,0.6647,,0,0,TRUE,FALSE,2024,2025,primary,6
t,8828,3303.4161,-6602.8322,-6588.6609,0.5186,,61.7599,0.0025,0.0025,TRUE,FALSE,2024,2025,primary,5
frank,8828,3461.672,-6921.344,-6914.2583,0.5464,0.7463,,0,0,TRUE,TRUE,2024,2025,primary,5
gaussian,8828,3303.6121,-6605.2242,-6598.1385,0.5175,0.7098,,0,0,TRUE,FALSE,2024,2025,primary,5
t,8642,3035.7951,-6067.5901,-6053.4613,0.5057,,28.6878,0.0336,0.0336,TRUE,FALSE,2024,2025,primary,4
frank,8642,3191.2218,-6380.4436,-6373.3792,0.5341,0.7329,,0,0,TRUE,TRUE,2024,2025,primary,4
gaussian,8642,3025.6645,-6049.329,-6042.2646,0.5027,0.6932,,0,0,TRUE,FALSE,2024,2025,primary,4
t,8784,2992.7242,-5981.4485,-5967.2871,0.498,,50.2482,0.0044,0.0044,TRUE,FALSE,2024,2025,primary,3
frank,8784,3154.4039,-6306.8079,-6299.7272,0.5271,0.7252,,0,0,TRUE,TRUE,2024,2025,primary,3
gaussian,8784,2991.1103,-5980.2207,-5973.14,0.4966,0.6862,,0,0,TRUE,FALSE,2024,2025,primary,3
