YEAR,GRADE,WIDA_LEVEL,n,kendall,ilearn_pctile_median,ilearn_pctile_sd,ilearn_floor_share,p_ilearn_proficient,suppress
2017,3,WIDA Level 1,231,0.14,7.9026,12.9982,0.3463,0,FALSE
2017,3,WIDA Level 2,905,0.1852,18.8102,19.0637,0.1547,0.0077,FALSE
2017,3,WIDA Level 3,2868,0.2497,47.0825,24.8126,0.0202,0.0896,FALSE
2017,3,WIDA Level 4,792,0.1085,69.2308,21.6295,0.0025,0.2298,FALSE
2017,3,WIDA Level 4.3,808,0.1393,82.4251,18.5188,0,0.4604,FALSE
2017,3,WIDA Level 5,101,0.1384,93.7883,13.1874,0,0.7525,FALSE
2017,4,WIDA Level 1,49,,,,,,TRUE
2017,4,WIDA Level 2,226,0.096,14.0038,17.1944,0.2035,0,FALSE
2017,4,WIDA Level 3,1420,0.1964,35.7436,24.1498,0.0577,0.0099,FALSE
2017,4,WIDA Level 4,602,0.0866,60.8462,23.799,0.01,0.0349,FALSE
2017,4,WIDA Level 4.3,740,0.1712,75.6552,21.4747,0,0.1149,FALSE
2017,4,WIDA Level 5,120,0.1443,92.9271,13.3339,0,0.3833,FALSE
2017,5,WIDA Level 1,64,0.0756,5.9291,12.6662,0.4531,0,FALSE
2017,5,WIDA Level 2,217,0.0929,17.8729,17.1361,0.1659,0,FALSE
2017,5,WIDA Level 3,873,0.2076,39.78,23.6631,0.0401,0.0011,FALSE
2017,5,WIDA Level 4,340,0.0377,60.6601,23.5229,0.0029,0.0294,FALSE
2017,5,WIDA Level 4.3,461,0.217,76.6748,21.7465,0.0043,0.0824,FALSE
2017,5,WIDA Level 5,82,0.3693,94.4743,10.6342,0,0.4634,FALSE
2017,6,WIDA Level 1,96,-0.0114,10.2148,17.5276,0.2917,0,FALSE
2017,6,WIDA Level 2,457,0.2129,24.8298,21.4022,0.1204,0,FALSE
2017,6,WIDA Level 3,966,0.2453,52.8549,24.3444,0.0114,0.0145,FALSE
2017,6,WIDA Level 4,193,0.1321,80.0419,21.9387,0.0052,0.1399,FALSE
2017,6,WIDA Level 4.3,169,0.1812,86.0136,17.4135,0.0059,0.1716,FALSE
2017,6,WIDA Level 5,26,,,,,,TRUE
2017,7,WIDA Level 1,157,0.2353,6.9035,10.6282,0.4204,0,FALSE
2017,7,WIDA Level 2,444,0.1801,21.1748,19.8836,0.0991,0,FALSE
2017,7,WIDA Level 3,1115,0.1974,49.7578,23.3567,0.0108,0.0135,FALSE
2017,7,WIDA Level 4,382,0.1017,71.4372,21.5462,0,0.0733,FALSE
2017,7,WIDA Level 4.3,328,0.18,82.1155,20.869,0.003,0.1768,FALSE
2017,7,WIDA Level 5,46,,,,,,TRUE
2017,8,WIDA Level 1,144,0.1378,8.265,17.2655,0.3333,0,FALSE
2017,8,WIDA Level 2,418,0.1872,22.7851,20.524,0.1268,0.0072,FALSE
2017,8,WIDA Level 3,1013,0.2256,45.8778,24.3405,0.0188,0.0128,FALSE
2017,8,WIDA Level 4,397,0.0621,66.694,22.2385,0,0.0378,FALSE
2017,8,WIDA Level 4.3,414,0.1033,78.9992,18.8939,0,0.1014,FALSE
2017,8,WIDA Level 5,48,,,,,,TRUE
2018,3,WIDA Level 1,303,0.2118,6.1991,12.1692,0.4422,0,FALSE
2018,3,WIDA Level 2,827,0.1522,16.112,15.629,0.162,0.0012,FALSE
2018,3,WIDA Level 3,3341,0.3043,41.4631,22.9574,0.0257,0.0614,FALSE
2018,3,WIDA Level 4,1039,0.1226,66.8773,21.3071,0.001,0.2579,FALSE
2018,3,WIDA Level 4.3,1360,0.2139,81.0306,17.6628,0,0.5051,FALSE
2018,3,WIDA Level 5,248,0.1299,93.9553,11.7166,0,0.8387,FALSE
2018,4,WIDA Level 1,136,0.1451,4.0946,10.1546,0.5735,0,FALSE
2018,4,WIDA Level 2,275,0.0587,8.6619,11.4453,0.3345,0.0036,FALSE
2018,4,WIDA Level 3,1656,0.2364,24.367,19.9891,0.0755,0.0091,FALSE
2018,4,WIDA Level 4,961,0.0732,43.9904,22.0167,0.0114,0.0343,FALSE
2018,4,WIDA Level 4.3,2153,0.1761,62.5401,22.1206,0.0023,0.1393,FALSE
2018,4,WIDA Level 5,957,0.1854,83.5016,17.1893,0,0.4514,FALSE
2018,4,WIDA Level 6,101,0.1822,95.5609,11.3971,0,0.7921,FALSE
2018,5,WIDA Level 1,142,0.1015,5.9465,10.6382,0.4155,0,FALSE
2018,5,WIDA Level 2,264,0.0526,13.5297,13.9052,0.1856,0.0038,FALSE
2018,5,WIDA Level 3,1143,0.2086,31.6148,21.392,0.0534,0.007,FALSE
2018,5,WIDA Level 4,549,0.0396,51.3502,23.222,0.0146,0.0164,FALSE
2018,5,WIDA Level 4.3,1081,0.156,67.144,20.9106,9e-04,0.0786,FALSE
2018,5,WIDA Level 5,447,0.1872,86.4021,16.2879,0,0.302,FALSE
2018,5,WIDA Level 6,39,,,,,,TRUE
2018,6,WIDA Level 1,201,0.1862,10.6698,13.5948,0.2537,0,FALSE
2018,6,WIDA Level 2,486,0.1375,23.5397,18.4403,0.0947,0,FALSE
2018,6,WIDA Level 3,1273,0.2702,52.1028,23.7683,0.0204,0.0149,FALSE
2018,6,WIDA Level 4,284,0.1623,73.2671,20.4736,0.0035,0.0986,FALSE
2018,6,WIDA Level 4.3,282,0.2609,88.2593,15.2136,0,0.2624,FALSE
2018,6,WIDA Level 5,40,,,,,,TRUE
2018,7,WIDA Level 1,226,0.1715,9.1281,14.2213,0.3142,0,FALSE
2018,7,WIDA Level 2,479,0.2079,22.9431,17.7694,0.0793,0.0021,FALSE
2018,7,WIDA Level 3,1091,0.2583,51.1871,22.6598,0.011,0.0147,FALSE
2018,7,WIDA Level 4,285,0.2639,72.984,18.6524,0,0.0737,FALSE
2018,7,WIDA Level 4.3,300,0.1755,86.533,13.8666,0,0.2633,FALSE
2018,7,WIDA Level 5,57,0.2268,96.9505,6.8132,0,0.7368,FALSE
2018,8,WIDA Level 1,221,0.145,8.6273,14.4318,0.3484,0,FALSE
2018,8,WIDA Level 2,430,0.1566,21.481,17.7812,0.1209,0.0023,FALSE
2018,8,WIDA Level 3,1234,0.2248,46.2976,23.1671,0.0105,0.0146,FALSE
2018,8,WIDA Level 4,422,0.0921,69.7695,20.9976,0,0.0806,FALSE
2018,8,WIDA Level 4.3,473,0.1639,82.0992,17.7663,0,0.1966,FALSE
2018,8,WIDA Level 5,78,0.2508,94.3591,12.0898,0,0.5641,FALSE
2019,3,WIDA Level 1,440,0.144,9.7667,10.8366,0.325,0.0023,FALSE
2019,3,WIDA Level 2,839,0.0855,16.6145,16.1517,0.1478,0.0072,FALSE
2019,3,WIDA Level 3,3249,0.2687,41.0412,22.6721,0.0354,0.088,FALSE
2019,3,WIDA Level 4,1066,0.082,61.9103,22.1846,0.0056,0.2711,FALSE
2019,3,WIDA Level 4.3,1644,0.1993,78.9289,18.6919,0.0012,0.5773,FALSE
2019,3,WIDA Level 5,426,0.077,91.494,12.6648,0,0.8521,FALSE
2019,4,WIDA Level 1,203,0.0067,7.2256,8.544,0.4089,0,FALSE
2019,4,WIDA Level 2,305,0.1295,11.3156,10.9063,0.2361,0,FALSE
2019,4,WIDA Level 3,1727,0.2472,23.4833,19.5976,0.0979,0.0133,FALSE
2019,4,WIDA Level 4,1062,0.1185,41.9155,21.956,0.0217,0.0565,FALSE
2019,4,WIDA Level 4.3,2619,0.2037,60.8862,22.4175,0.0065,0.1978,FALSE
2019,4,WIDA Level 5,1293,0.1912,83.4492,17.45,0,0.5638,FALSE
2019,4,WIDA Level 6,125,0.2061,94.3558,10.4538,0,0.832,FALSE
2019,5,WIDA Level 1,194,0.0776,7.5846,11.8881,0.3608,0,FALSE
2019,5,WIDA Level 2,272,0.0902,11.5276,11.6491,0.2684,0,FALSE
2019,5,WIDA Level 3,1282,0.1878,26.4044,21.1399,0.0858,0.0094,FALSE
2019,5,WIDA Level 4,859,0.0515,43.0445,22.5765,0.0244,0.0291,FALSE
2019,5,WIDA Level 4.3,2063,0.1884,61.6516,23.5475,0.0058,0.1386,FALSE
2019,5,WIDA Level 5,915,0.182,80.9233,19.0637,0,0.3923,FALSE
2019,5,WIDA Level 6,57,0.1116,94.9406,13.2955,0,0.7193,FALSE
2019,6,WIDA Level 1,310,0.1047,14.1365,14.6477,0.2097,0.0032,FALSE
2019,6,WIDA Level 2,592,0.1394,24.2201,20.8714,0.1166,0,FALSE
2019,6,WIDA Level 3,1673,0.214,50.0836,24.6142,0.0251,0.0251,FALSE
2019,6,WIDA Level 4,555,0.1137,70.6964,22.923,0.0036,0.1027,FALSE
2019,6,WIDA Level 4.3,420,0.2089,84.3733,20.3498,0.0048,0.2643,FALSE
2019,6,WIDA Level 5,36,,,,,,TRUE
2019,7,WIDA Level 1,324,0.0163,13.6348,13.7988,0.1852,0,FALSE
2019,7,WIDA Level 2,547,0.1305,26.2783,19.4975,0.106,0.0018,FALSE
2019,7,WIDA Level 3,1146,0.2075,50.5913,23.5252,0.0209,0.0279,FALSE
2019,7,WIDA Level 4,385,0.1407,72.0696,20.7325,0,0.0935,FALSE
2019,7,WIDA Level 4.3,366,0.2161,84.2609,16.4568,0.0027,0.276,FALSE
2019,7,WIDA Level 5,101,0.1972,96.8,12.1459,0,0.7129,FALSE
2019,8,WIDA Level 1,333,0.1347,11.3053,13.95,0.2432,0,FALSE
2019,8,WIDA Level 2,469,0.1348,26.8873,18.8153,0.0832,0,FALSE
2019,8,WIDA Level 3,1015,0.217,50.5392,23.1234,0.0128,0.0207,FALSE
2019,8,WIDA Level 4,346,0.0548,69.2451,20.1608,0.0029,0.0751,FALSE
2019,8,WIDA Level 4.3,424,0.2144,81.8706,18.8528,0,0.2524,FALSE
2019,8,WIDA Level 5,95,0.189,94.4031,12.2943,0,0.5684,FALSE
2021,3,WIDA Level 1,621,0.0673,13.1083,13.6178,0.2206,0,FALSE
2021,3,WIDA Level 2,1200,0.1665,22.6242,17.5973,0.1183,0.0033,FALSE
2021,3,WIDA Level 3,3420,0.2592,46.2548,23.4906,0.0295,0.0661,FALSE
2021,3,WIDA Level 4,984,0.1003,70.0828,21.9335,0.0041,0.2612,FALSE
2021,3,WIDA Level 4.3,1365,0.2207,82.8726,17.8154,0,0.5201,FALSE
2021,3,WIDA Level 5,256,0.1161,93.1497,11.7489,0,0.7734,FALSE
2021,4,WIDA Level 1,302,0.0736,9.9411,10.9635,0.298,0,FALSE
2021,4,WIDA Level 2,495,-3e-04,14.8413,12.9468,0.202,0,FALSE
2021,4,WIDA Level 3,2209,0.2299,29.2476,20.8954,0.0711,0.0122,FALSE
2021,4,WIDA Level 4,1060,0.1033,48.2059,21.9222,0.0151,0.0528,FALSE
2021,4,WIDA Level 4.3,2078,0.1866,66.3007,21.332,0.0024,0.2016,FALSE
2021,4,WIDA Level 5,1130,0.1809,83.7462,17.6558,9e-04,0.5027,FALSE
2021,4,WIDA Level 6,194,0.2602,94.0487,12.5337,0,0.7887,FALSE
2021,5,WIDA Level 1,270,0.0539,10.4833,11.4032,0.2815,0,FALSE
2021,5,WIDA Level 2,417,0.0601,13.1911,13.1831,0.2422,0,FALSE
2021,5,WIDA Level 3,1796,0.2277,31.5875,22.128,0.059,0.0078,FALSE
2021,5,WIDA Level 4,846,0.0416,47.8257,23.4781,0.0225,0.0225,FALSE
2021,5,WIDA Level 4.3,1797,0.1652,64.8965,22.5035,0.0056,0.0985,FALSE
2021,5,WIDA Level 5,956,0.1705,83.9234,18.5154,0.001,0.3023,FALSE
2021,5,WIDA Level 6,103,0.2007,93.6389,13.3722,0,0.6019,FALSE
2021,6,WIDA Level 1,272,0.0789,10.1444,11.3351,0.3088,0,FALSE
2021,6,WIDA Level 2,842,0.1742,18.9115,17.9044,0.1413,0.0012,FALSE
2021,6,WIDA Level 3,2959,0.2626,50.6839,24.4025,0.0182,0.0308,FALSE
2021,6,WIDA Level 4,615,0.0807,75.8834,21.8562,0.0033,0.1593,FALSE
2021,6,WIDA Level 4.3,501,0.2205,86.6356,18.5703,0.002,0.3014,FALSE
2021,6,WIDA Level 5,72,0.2143,96.0201,10.9222,0,0.6806,FALSE
2021,7,WIDA Level 1,352,-0.006,10.6083,11.2076,0.2756,0,FALSE
2021,7,WIDA Level 2,788,0.1956,20.9962,18.1042,0.1206,0,FALSE
2021,7,WIDA Level 3,2476,0.2486,49.5991,24.0896,0.0222,0.0222,FALSE
2021,7,WIDA Level 4,590,0.0427,71.2568,22.0203,0.0034,0.1034,FALSE
2021,7,WIDA Level 4.3,639,0.1563,82.5717,18.1495,0.0031,0.2191,FALSE
2021,7,WIDA Level 5,134,0.1823,94.558,15.4708,0,0.5746,FALSE
2021,8,WIDA Level 1,380,0.1079,12.5652,13.9107,0.2289,0,FALSE
2021,8,WIDA Level 2,690,0.1106,25.0456,19.5735,0.1014,0.0014,FALSE
2021,8,WIDA Level 3,1702,0.2426,50.8081,23.9803,0.0182,0.0135,FALSE
2021,8,WIDA Level 4,392,0.0788,71.5589,19.5478,0,0.0714,FALSE
2021,8,WIDA Level 4.3,518,0.1277,82.4101,19.3428,0.0039,0.1776,FALSE
2021,8,WIDA Level 5,141,0.2017,94.3822,13.4585,0,0.5106,FALSE
2021,8,WIDA Level 6,12,,,,,,TRUE
2022,3,WIDA Level 1,789,0.0599,14.181,13.4732,0.2066,0,FALSE
2022,3,WIDA Level 2,1361,0.1581,21.6443,17.3013,0.119,0.0051,FALSE
2022,3,WIDA Level 3,3382,0.2812,48.6888,22.8262,0.0219,0.0973,FALSE
2022,3,WIDA Level 4,971,0.0844,71.6008,19.5827,0.001,0.3388,FALSE
2022,3,WIDA Level 4.3,1238,0.1664,83.6565,16.5333,0.0016,0.5969,FALSE
2022,3,WIDA Level 5,292,0.1799,94.0094,10.8298,0,0.8562,FALSE
2022,3,WIDA Level 6,12,,,,,,TRUE
2022,4,WIDA Level 1,402,0.0858,10.8806,10.8686,0.2935,0,FALSE
2022,4,WIDA Level 2,589,0.1362,13.655,14.3607,0.2054,0.0017,FALSE
2022,4,WIDA Level 3,2186,0.219,28.4258,19.7611,0.0686,0.0105,FALSE
2022,4,WIDA Level 4,1086,0.1286,46.5923,21.393,0.0166,0.0506,FALSE
2022,4,WIDA Level 4.3,2332,0.1893,63.5585,21.337,0.0056,0.2007,FALSE
2022,4,WIDA Level 5,1365,0.2045,82.2014,17.7356,0,0.5223,FALSE
2022,4,WIDA Level 6,329,0.1958,93.5645,11.1693,0,0.8663,FALSE
2022,5,WIDA Level 1,448,0.0869,8.9184,9.4958,0.3103,0,FALSE
2022,5,WIDA Level 2,461,0.0711,15.2352,13.1133,0.1822,0.0022,FALSE
2022,5,WIDA Level 3,1800,0.1987,31.152,20.4712,0.0567,0.0117,FALSE
2022,5,WIDA Level 4,919,0.069,50.2125,21.4656,0.0044,0.0413,FALSE
2022,5,WIDA Level 4.3,1908,0.1612,64.583,21.8895,0.0047,0.1247,FALSE
2022,5,WIDA Level 5,1115,0.2014,82.2878,17.7898,9e-04,0.3713,FALSE
2022,5,WIDA Level 6,171,0.1976,93.1335,13.9121,0,0.6725,FALSE
2022,6,WIDA Level 1,388,0.0857,9.8323,11.7716,0.2938,0,FALSE
2022,6,WIDA Level 2,774,0.1314,20.468,17.1956,0.1305,0,FALSE
2022,6,WIDA Level 3,3082,0.259,49.8166,24.5327,0.0204,0.0247,FALSE
2022,6,WIDA Level 4,752,0.0769,72.7384,21.9595,0.004,0.1423,FALSE
2022,6,WIDA Level 4.3,669,0.1632,85.496,18.7392,0,0.3064,FALSE
2022,6,WIDA Level 5,57,0.2968,97.5288,8.2167,0,0.7018,FALSE
2022,7,WIDA Level 1,473,0.0709,10.7865,12.6196,0.26,0,FALSE
2022,7,WIDA Level 2,876,0.1888,21.7998,19.1274,0.1119,0.0034,FALSE
2022,7,WIDA Level 3,2778,0.2621,48.9536,24.0653,0.0216,0.0281,FALSE
2022,7,WIDA Level 4,721,0.0998,70.9016,21.2642,0.0042,0.1082,FALSE
2022,7,WIDA Level 4.3,743,0.1589,83.2578,17.9704,0.004,0.2746,FALSE
2022,7,WIDA Level 5,135,0.2271,94.6198,12.2256,0,0.637,FALSE
2022,8,WIDA Level 1,529,0.1079,11.2971,12.0881,0.2287,0,FALSE
2022,8,WIDA Level 2,802,0.1355,22.6679,18.5106,0.101,0.0012,FALSE
2022,8,WIDA Level 3,2352,0.2352,48.0037,23.3448,0.0251,0.02,FALSE
2022,8,WIDA Level 4,670,0.1207,69.3284,21.8565,0.009,0.0925,FALSE
2022,8,WIDA Level 4.3,886,0.1389,82.8887,18.8849,0.0034,0.2427,FALSE
2022,8,WIDA Level 5,189,0.1265,90.7176,18.7884,0,0.455,FALSE
2023,3,WIDA Level 1,929,0.055,13.1096,12.2497,0.2153,0,FALSE
2023,3,WIDA Level 2,1532,0.1681,21.6122,16.0687,0.107,0,FALSE
2023,3,WIDA Level 3,3641,0.3203,49.8049,22.2463,0.017,0.0802,FALSE
2023,3,WIDA Level 4,947,0.0881,72.0654,17.9039,0,0.2946,FALSE
2023,3,WIDA Level 4.3,1279,0.1909,83.3792,15.2761,0,0.552,FALSE
2023,3,WIDA Level 5,378,0.12,93.4022,10.1555,0,0.8492,FALSE
2023,4,WIDA Level 1,470,0.0108,12.1212,11.3694,0.2234,0,FALSE
2023,4,WIDA Level 2,657,0.0526,15.1217,13.1418,0.1674,0,FALSE
2023,4,WIDA Level 3,2259,0.2543,29.5395,20.0725,0.0792,0.0115,FALSE
2023,4,WIDA Level 4,1085,0.1008,49.6421,20.7714,0.0111,0.0654,FALSE
2023,4,WIDA Level 4.3,2315,0.2007,64.6147,21.0422,0.003,0.2173,FALSE
2023,4,WIDA Level 5,1344,0.158,83.5958,15.422,0,0.5521,FALSE
2023,4,WIDA Level 6,251,0.1122,94.7208,9.4952,0,0.8645,FALSE
2023,5,WIDA Level 1,536,0.0876,9.842,11.1009,0.2929,0,FALSE
2023,5,WIDA Level 2,598,0.1049,15.5927,14.383,0.1572,0,FALSE
2023,5,WIDA Level 3,1909,0.1984,32.9516,20.7426,0.0524,0.0073,FALSE
2023,5,WIDA Level 4,959,0.0937,52.1733,21.6902,0.0094,0.0282,FALSE
2023,5,WIDA Level 4.3,2060,0.158,67.4693,21.5679,0.0019,0.1223,FALSE
2023,5,WIDA Level 5,1087,0.1786,84.1383,17.3849,0,0.3588,FALSE
2023,5,WIDA Level 6,97,0.2985,94.4598,9.389,0,0.7423,FALSE
2023,6,WIDA Level 1,553,0.0428,10.8561,12.6954,0.2767,0.0018,FALSE
2023,6,WIDA Level 2,972,0.1611,21.11,18.2131,0.108,0.0031,FALSE
2023,6,WIDA Level 3,3186,0.2665,52.4984,23.9178,0.0141,0.0424,FALSE
2023,6,WIDA Level 4,756,0.0551,75.2279,19.8695,0.0013,0.1164,FALSE
2023,6,WIDA Level 4.3,624,0.1838,86.7594,17.5813,0.0016,0.3446,FALSE
2023,6,WIDA Level 5,50,0.2377,97.6074,8.3145,0,0.64,FALSE
2023,7,WIDA Level 1,681,0.0694,12.395,13.1494,0.2423,0,FALSE
2023,7,WIDA Level 2,969,0.1542,24.2889,19.5969,0.096,0.0021,FALSE
2023,7,WIDA Level 3,2916,0.2446,51.2201,23.6263,0.0185,0.0209,FALSE
2023,7,WIDA Level 4,761,0.0827,73.6183,20.4303,0,0.134,FALSE
2023,7,WIDA Level 4.3,747,0.1671,85.8112,16.7834,0.0013,0.2704,FALSE
2023,7,WIDA Level 5,112,0.125,95.1438,9.7052,0,0.6429,FALSE
2023,8,WIDA Level 1,701,0.0938,11.4225,12.0306,0.2596,0.0014,FALSE
2023,8,WIDA Level 2,988,0.1623,24.8279,18.8432,0.083,0.003,FALSE
2023,8,WIDA Level 3,2659,0.2457,50.8604,22.9282,0.0143,0.0297,FALSE
2023,8,WIDA Level 4,777,0.0495,73.648,19.8512,0,0.1377,FALSE
2023,8,WIDA Level 4.3,850,0.172,84.4231,17.6038,0,0.3282,FALSE
2023,8,WIDA Level 5,124,0.1768,95.5465,11.1252,0,0.6774,FALSE
2024,3,WIDA Level 1,1165,0.0528,14.0551,12.2185,0.1991,0,FALSE
2024,3,WIDA Level 2,1485,0.1586,22.4518,16.245,0.0997,0.0013,FALSE
2024,3,WIDA Level 3,3641,0.3007,49.9394,21.6067,0.0184,0.064,FALSE
2024,3,WIDA Level 4,1006,0.1326,72.8209,18.131,0.001,0.2714,FALSE
2024,3,WIDA Level 4.3,1337,0.1665,83.5482,14.5055,7e-04,0.5266,FALSE
2024,3,WIDA Level 5,423,0.1654,93.9063,8.8311,0,0.8392,FALSE
2024,3,WIDA Level 6,17,,,,,,TRUE
2024,4,WIDA Level 1,810,0.0163,11.4904,11.1785,0.2444,0,FALSE
2024,4,WIDA Level 2,860,0.0209,17.3361,13.1369,0.1535,0,FALSE
2024,4,WIDA Level 3,2530,0.2301,33.8417,19.6672,0.0462,0.0138,FALSE
2024,4,WIDA Level 4,1003,0.1081,52.9798,19.5783,0.009,0.0668,FALSE
2024,4,WIDA Level 4.3,2390,0.1694,67.8734,19.3582,0.0021,0.2364,FALSE
2024,4,WIDA Level 5,1360,0.1933,85.7306,14.4413,0,0.611,FALSE
2024,4,WIDA Level 6,258,0.1603,94.7596,8.8339,0,0.8798,FALSE
2024,5,WIDA Level 1,802,0.0862,11.5699,11.0134,0.2456,0,FALSE
2024,5,WIDA Level 2,706,0.1232,17.9068,14.0065,0.1487,0,FALSE
2024,5,WIDA Level 3,1967,0.2331,35.5668,20.3265,0.0386,0.0076,FALSE
2024,5,WIDA Level 4,857,0.0383,52.5646,20.7896,0.0058,0.0327,FALSE
2024,5,WIDA Level 4.3,2096,0.1873,68.3288,20.3199,0.0029,0.1317,FALSE
2024,5,WIDA Level 5,1141,0.1854,84.2618,16.1554,0,0.3672,FALSE
2024,5,WIDA Level 6,131,0.0832,96.5069,11.5943,0,0.7328,FALSE
2024,6,WIDA Level 1,877,0.0892,13.132,13.3083,0.2166,0.0011,FALSE
2024,6,WIDA Level 2,1230,0.2032,25.3467,19.4723,0.0902,0.0016,FALSE
2024,6,WIDA Level 3,3170,0.2882,53.4817,23.1443,0.0145,0.0401,FALSE
2024,6,WIDA Level 4,795,0.0969,76.9575,19.2467,0.0013,0.1711,FALSE
2024,6,WIDA Level 4.3,762,0.1807,86.3732,16.1866,0,0.357,FALSE
2024,6,WIDA Level 5,83,0.0948,94.9798,8.7038,0,0.6988,FALSE
2024,7,WIDA Level 1,958,0.1267,13.2197,12.3903,0.2056,0,FALSE
2024,7,WIDA Level 2,1163,0.1847,26.7626,19.1857,0.086,0.0017,FALSE
2024,7,WIDA Level 3,2808,0.263,52.6807,22.6535,0.0139,0.0328,FALSE
2024,7,WIDA Level 4,827,0.0981,73.2961,18.9269,0,0.133,FALSE
2024,7,WIDA Level 4.3,901,0.1777,84.4301,16.0269,0.0011,0.2986,FALSE
2024,7,WIDA Level 5,146,0.1432,95.5567,10.3957,0,0.7671,FALSE
2024,8,WIDA Level 1,1070,0.0967,13.869,12.7805,0.1991,0,FALSE
2024,8,WIDA Level 2,1068,0.2272,28.385,19.4014,0.0805,0.0019,FALSE
2024,8,WIDA Level 3,2548,0.2601,51.4988,22.5994,0.0161,0.0361,FALSE
2024,8,WIDA Level 4,829,0.0749,70.6902,20.4221,0.0024,0.1448,FALSE
2024,8,WIDA Level 4.3,1091,0.1813,82.0076,17.9705,0,0.2961,FALSE
2024,8,WIDA Level 5,227,0.1446,94.5679,12.3204,0,0.6696,FALSE
2025,3,WIDA Level 1,1361,0.0466,15.3584,13.2416,0.1815,0,FALSE
2025,3,WIDA Level 2,1567,0.1415,23.1979,16.9736,0.1008,0.0038,FALSE
2025,3,WIDA Level 3,3670,0.2779,49.776,22.1915,0.0243,0.0725,FALSE
2025,3,WIDA Level 4,1102,0.1045,70.5712,18.6822,9e-04,0.274,FALSE
2025,3,WIDA Level 4.3,1636,0.1844,81.9792,16.0865,0,0.5086,FALSE
2025,3,WIDA Level 5,466,0.1902,93.3568,10.6686,0,0.8219,FALSE
2025,3,WIDA Level 6,19,,,,,,TRUE
2025,4,WIDA Level 1,769,0.0359,16.6467,14.6433,0.1795,0,FALSE
2025,4,WIDA Level 2,1013,0.0662,19.3078,15.1942,0.1382,0,FALSE
2025,4,WIDA Level 3,2296,0.2155,32.9506,21.5098,0.064,0.0144,FALSE
2025,4,WIDA Level 4,1044,0.095,51.8013,22.278,0.0172,0.0632,FALSE
2025,4,WIDA Level 4.3,2414,0.1712,66.5814,21.1042,0.005,0.1848,FALSE
2025,4,WIDA Level 5,1379,0.1798,84.0716,16.5297,0,0.4982,FALSE
2025,4,WIDA Level 6,272,0.1858,94.1473,10.4991,0,0.8051,FALSE
2025,5,WIDA Level 1,880,0.0014,16.5131,14.2411,0.167,0,FALSE
2025,5,WIDA Level 2,854,0.0726,21.7122,17.0676,0.1382,0.0012,FALSE
2025,5,WIDA Level 3,1965,0.1934,35.519,21.7657,0.0575,0.0087,FALSE
2025,5,WIDA Level 4,872,0.0662,52.165,22.4445,0.0103,0.0436,FALSE
2025,5,WIDA Level 4.3,2135,0.1426,68.2049,22.1266,0.0075,0.1241,FALSE
2025,5,WIDA Level 5,1183,0.1484,83.1498,18.1362,0.0017,0.3085,FALSE
2025,5,WIDA Level 6,193,0.2062,94.507,12.8422,0,0.6684,FALSE
2025,6,WIDA Level 1,846,0.0275,16.3873,15.4669,0.1726,0,FALSE
2025,6,WIDA Level 2,1290,0.1113,25.289,19.4122,0.0984,0,FALSE
2025,6,WIDA Level 3,3109,0.2428,54.1185,23.8975,0.0232,0.0273,FALSE
2025,6,WIDA Level 4,814,0.0813,76.1488,21.021,0.0025,0.1314,FALSE
2025,6,WIDA Level 4.3,762,0.1277,87.0592,17.3138,0.0013,0.3386,FALSE
2025,6,WIDA Level 5,94,0.2054,97.4819,7.4212,0,0.7021,FALSE
2025,7,WIDA Level 1,1084,0.0356,18.7197,15.538,0.1476,0,FALSE
2025,7,WIDA Level 2,1261,0.1093,25.5728,19.8093,0.1063,8e-04,FALSE
2025,7,WIDA Level 3,2985,0.2221,52.0957,23.9713,0.0235,0.0178,FALSE
2025,7,WIDA Level 4,861,0.104,71.8329,21.1971,0.007,0.0859,FALSE
2025,7,WIDA Level 4.3,1025,0.1425,84.0836,16.7177,0.001,0.2127,FALSE
2025,7,WIDA Level 5,199,0.2379,95.2426,10.9363,0,0.6131,FALSE
2025,8,WIDA Level 1,1108,0.0244,17.6204,15.0546,0.1471,9e-04,FALSE
2025,8,WIDA Level 2,1072,0.0852,26.8528,20.3329,0.0905,0.0056,FALSE
2025,8,WIDA Level 3,2550,0.2264,48.7858,23.6613,0.0361,0.0306,FALSE
2025,8,WIDA Level 4,889,0.0862,69.0928,20.9581,0.0034,0.1147,FALSE
2025,8,WIDA Level 4.3,1248,0.1316,80.8653,18.5334,0.0024,0.2748,FALSE
2025,8,WIDA Level 5,289,0.1648,91.9051,12.6769,0,0.5917,FALSE
2026,3,WIDA Level 1,938,0.1372,11.3738,11.7326,0.2335,0,FALSE
2026,3,WIDA Level 2,1313,0.1259,19.1297,15.3285,0.1287,0,FALSE
2026,3,WIDA Level 3,4226,0.3104,44.7022,22.0132,0.023,0,FALSE
2026,3,WIDA Level 4,1210,0.0947,67.9849,18.703,0,0,FALSE
2026,3,WIDA Level 4.3,1816,0.186,80.8455,16.2399,6e-04,0,FALSE
2026,3,WIDA Level 5,473,0.0534,91.2975,11.0502,0,0,FALSE
2026,3,WIDA Level 6,112,0.1167,95.163,8.4751,0,0,FALSE
2026,4,WIDA Level 1,490,0.0691,8.9772,9.37,0.2939,0,FALSE
2026,4,WIDA Level 2,546,0.0477,13.6743,13.2292,0.196,0,FALSE
2026,4,WIDA Level 3,1763,0.2159,25.6693,19.2723,0.076,0,FALSE
2026,4,WIDA Level 4,1091,0.0875,42.9486,21.0644,0.0183,0,FALSE
2026,4,WIDA Level 4.3,2698,0.1633,60.0517,21.927,0.0037,0,FALSE
2026,4,WIDA Level 5,1641,0.1909,80.3018,17.435,6e-04,0,FALSE
2026,4,WIDA Level 6,286,0.1554,92.5258,11.8176,0,0,FALSE
2026,5,WIDA Level 1,579,0.0802,9.8356,11.1204,0.2573,0,FALSE
2026,5,WIDA Level 2,564,0.0677,16.249,14.2823,0.1826,0,FALSE
2026,5,WIDA Level 3,1807,0.197,31.1439,20.7746,0.0526,0,FALSE
2026,5,WIDA Level 4,992,0.0802,49.1377,21.2083,0.0101,0,FALSE
2026,5,WIDA Level 4.3,2133,0.1701,66.5656,21.4134,0.0019,0,FALSE
2026,5,WIDA Level 5,1243,0.1637,82.8752,17.2182,0,0,FALSE
2026,5,WIDA Level 6,103,0.1747,94.7386,14.021,0,0,FALSE
2026,6,WIDA Level 1,633,0.06,11.1245,11.3875,0.2512,0,FALSE
2026,6,WIDA Level 2,1147,0.169,22.5867,17.9583,0.1099,0,FALSE
2026,6,WIDA Level 3,3067,0.2926,50.8107,23.7247,0.0157,0,FALSE
2026,6,WIDA Level 4,875,0.0896,74.2982,19.5858,0.0011,0,FALSE
2026,6,WIDA Level 4.3,844,0.138,84.1766,17.053,0.0012,0,FALSE
2026,6,WIDA Level 5,87,0.1712,94.7831,10.4196,0,0,FALSE
2026,7,WIDA Level 1,782,0.058,12.1807,12.6787,0.2302,0,FALSE
2026,7,WIDA Level 2,1124,0.1637,24.0622,18.5365,0.0934,0,FALSE
2026,7,WIDA Level 3,2777,0.256,49.4307,22.9528,0.0187,0,FALSE
2026,7,WIDA Level 4,906,0.0397,70.5955,19.6628,0,0,FALSE
2026,7,WIDA Level 4.3,1105,0.2112,82.82,17.0879,0,0,FALSE
2026,7,WIDA Level 5,140,0.17,94.3877,10.9931,0,0,FALSE
2026,7,WIDA Level 6,16,,,,,,TRUE
2026,8,WIDA Level 1,872,0.1455,12.4578,14.2593,0.2225,0,FALSE
2026,8,WIDA Level 2,1081,0.142,23.3137,20.0967,0.1045,0,FALSE
2026,8,WIDA Level 3,2580,0.2294,47.07,23.0785,0.0171,0,FALSE
2026,8,WIDA Level 4,943,0.0703,66.5472,20.3933,0.0011,0,FALSE
2026,8,WIDA Level 4.3,1364,0.1682,79.1877,19.7153,0.0037,0,FALSE
2026,8,WIDA Level 5,236,0.1038,88.6207,14.56,0,0,FALSE
2026,8,WIDA Level 6,39,,,,,,TRUE
