YEAR,GRADE,WIDA_BAND,N,ilearn_prof_rate,suppress
2017,3,<4.0,4004,0.066,FALSE
2017,3,4.0-4.2,792,0.23,FALSE
2017,3,4.3-4.9 (provisional),808,0.46,FALSE
2017,3,>=5.0 (auto-exit),102,0.755,FALSE
2017,4,<4.0,1695,0.008,FALSE
2017,4,4.0-4.2,602,0.035,FALSE
2017,4,4.3-4.9 (provisional),740,0.115,FALSE
2017,4,>=5.0 (auto-exit),129,0.426,FALSE
2017,5,<4.0,1154,0.001,FALSE
2017,5,4.0-4.2,340,0.029,FALSE
2017,5,4.3-4.9 (provisional),461,0.082,FALSE
2017,5,>=5.0 (auto-exit),89,0.494,FALSE
2017,6,<4.0,1519,0.009,FALSE
2017,6,4.0-4.2,193,0.14,FALSE
2017,6,4.3-4.9 (provisional),169,0.172,FALSE
2017,6,>=5.0 (auto-exit),27,0.741,FALSE
2017,7,<4.0,1716,0.009,FALSE
2017,7,4.0-4.2,382,0.073,FALSE
2017,7,4.3-4.9 (provisional),328,0.177,FALSE
2017,7,>=5.0 (auto-exit),50,0.52,FALSE
2017,8,<4.0,1575,0.01,FALSE
2017,8,4.0-4.2,397,0.038,FALSE
2017,8,4.3-4.9 (provisional),414,0.101,FALSE
2017,8,>=5.0 (auto-exit),51,0.569,FALSE
2018,3,<4.0,4471,0.046,FALSE
2018,3,4.0-4.2,1039,0.258,FALSE
2018,3,4.3-4.9 (provisional),1360,0.505,FALSE
2018,3,>=5.0 (auto-exit),251,0.841,FALSE
2018,4,<4.0,2067,0.008,FALSE
2018,4,4.0-4.2,961,0.034,FALSE
2018,4,4.3-4.9 (provisional),2153,0.139,FALSE
2018,4,>=5.0 (auto-exit),1058,0.484,FALSE
2018,5,<4.0,1549,0.006,FALSE
2018,5,4.0-4.2,549,0.016,FALSE
2018,5,4.3-4.9 (provisional),1081,0.079,FALSE
2018,5,>=5.0 (auto-exit),486,0.34,FALSE
2018,6,<4.0,1960,0.01,FALSE
2018,6,4.0-4.2,284,0.099,FALSE
2018,6,4.3-4.9 (provisional),282,0.262,FALSE
2018,6,>=5.0 (auto-exit),41,0.732,FALSE
2018,7,<4.0,1796,0.009,FALSE
2018,7,4.0-4.2,285,0.074,FALSE
2018,7,4.3-4.9 (provisional),300,0.263,FALSE
2018,7,>=5.0 (auto-exit),61,0.754,FALSE
2018,8,<4.0,1885,0.01,FALSE
2018,8,4.0-4.2,422,0.081,FALSE
2018,8,4.3-4.9 (provisional),473,0.197,FALSE
2018,8,>=5.0 (auto-exit),82,0.585,FALSE
2019,3,<4.0,4528,0.065,FALSE
2019,3,4.0-4.2,1066,0.271,FALSE
2019,3,4.3-4.9 (provisional),1644,0.577,FALSE
2019,3,>=5.0 (auto-exit),435,0.855,FALSE
2019,4,<4.0,2235,0.01,FALSE
2019,4,4.0-4.2,1062,0.056,FALSE
2019,4,4.3-4.9 (provisional),2619,0.198,FALSE
2019,4,>=5.0 (auto-exit),1418,0.587,FALSE
2019,5,<4.0,1748,0.007,FALSE
2019,5,4.0-4.2,859,0.029,FALSE
2019,5,4.3-4.9 (provisional),2063,0.139,FALSE
2019,5,>=5.0 (auto-exit),972,0.412,FALSE
2019,6,<4.0,2575,0.017,FALSE
2019,6,4.0-4.2,555,0.103,FALSE
2019,6,4.3-4.9 (provisional),420,0.264,FALSE
2019,6,>=5.0 (auto-exit),39,0.846,FALSE
2019,7,<4.0,2017,0.016,FALSE
2019,7,4.0-4.2,385,0.094,FALSE
2019,7,4.3-4.9 (provisional),366,0.276,FALSE
2019,7,>=5.0 (auto-exit),106,0.717,FALSE
2019,8,<4.0,1817,0.012,FALSE
2019,8,4.0-4.2,346,0.075,FALSE
2019,8,4.3-4.9 (provisional),424,0.252,FALSE
2019,8,>=5.0 (auto-exit),101,0.584,FALSE
2021,3,<4.0,5241,0.044,FALSE
2021,3,4.0-4.2,984,0.261,FALSE
2021,3,4.3-4.9 (provisional),1365,0.52,FALSE
2021,3,>=5.0 (auto-exit),259,0.776,FALSE
2021,4,<4.0,3006,0.009,FALSE
2021,4,4.0-4.2,1060,0.053,FALSE
2021,4,4.3-4.9 (provisional),2078,0.202,FALSE
2021,4,>=5.0 (auto-exit),1324,0.545,FALSE
2021,5,<4.0,2483,0.006,FALSE
2021,5,4.0-4.2,846,0.022,FALSE
2021,5,4.3-4.9 (provisional),1797,0.098,FALSE
2021,5,>=5.0 (auto-exit),1059,0.331,FALSE
2021,6,<4.0,4073,0.023,FALSE
2021,6,4.0-4.2,615,0.159,FALSE
2021,6,4.3-4.9 (provisional),501,0.301,FALSE
2021,6,>=5.0 (auto-exit),74,0.689,FALSE
2021,7,<4.0,3616,0.015,FALSE
2021,7,4.0-4.2,590,0.103,FALSE
2021,7,4.3-4.9 (provisional),639,0.219,FALSE
2021,7,>=5.0 (auto-exit),143,0.601,FALSE
2021,8,<4.0,2772,0.009,FALSE
2021,8,4.0-4.2,392,0.071,FALSE
2021,8,4.3-4.9 (provisional),518,0.178,FALSE
2021,8,>=5.0 (auto-exit),153,0.529,FALSE
2022,3,<4.0,5532,0.061,FALSE
2022,3,4.0-4.2,971,0.339,FALSE
2022,3,4.3-4.9 (provisional),1238,0.597,FALSE
2022,3,>=5.0 (auto-exit),304,0.859,FALSE
2022,4,<4.0,3177,0.008,FALSE
2022,4,4.0-4.2,1086,0.051,FALSE
2022,4,4.3-4.9 (provisional),2332,0.201,FALSE
2022,4,>=5.0 (auto-exit),1694,0.589,FALSE
2022,5,<4.0,2709,0.008,FALSE
2022,5,4.0-4.2,919,0.041,FALSE
2022,5,4.3-4.9 (provisional),1908,0.125,FALSE
2022,5,>=5.0 (auto-exit),1286,0.411,FALSE
2022,6,<4.0,4244,0.018,FALSE
2022,6,4.0-4.2,752,0.142,FALSE
2022,6,4.3-4.9 (provisional),669,0.306,FALSE
2022,6,>=5.0 (auto-exit),60,0.717,FALSE
2022,7,<4.0,4127,0.02,FALSE
2022,7,4.0-4.2,721,0.108,FALSE
2022,7,4.3-4.9 (provisional),743,0.275,FALSE
2022,7,>=5.0 (auto-exit),142,0.655,FALSE
2022,8,<4.0,3683,0.013,FALSE
2022,8,4.0-4.2,670,0.093,FALSE
2022,8,4.3-4.9 (provisional),886,0.243,FALSE
2022,8,>=5.0 (auto-exit),195,0.467,FALSE
2023,3,<4.0,6102,0.048,FALSE
2023,3,4.0-4.2,947,0.295,FALSE
2023,3,4.3-4.9 (provisional),1279,0.552,FALSE
2023,3,>=5.0 (auto-exit),386,0.85,FALSE
2023,4,<4.0,3386,0.008,FALSE
2023,4,4.0-4.2,1085,0.065,FALSE
2023,4,4.3-4.9 (provisional),2315,0.217,FALSE
2023,4,>=5.0 (auto-exit),1595,0.601,FALSE
2023,5,<4.0,3043,0.005,FALSE
2023,5,4.0-4.2,959,0.028,FALSE
2023,5,4.3-4.9 (provisional),2060,0.122,FALSE
2023,5,>=5.0 (auto-exit),1184,0.39,FALSE
2023,6,<4.0,4711,0.03,FALSE
2023,6,4.0-4.2,756,0.116,FALSE
2023,6,4.3-4.9 (provisional),624,0.345,FALSE
2023,6,>=5.0 (auto-exit),52,0.654,FALSE
2023,7,<4.0,4566,0.014,FALSE
2023,7,4.0-4.2,761,0.134,FALSE
2023,7,4.3-4.9 (provisional),747,0.27,FALSE
2023,7,>=5.0 (auto-exit),113,0.646,FALSE
2023,8,<4.0,4348,0.019,FALSE
2023,8,4.0-4.2,777,0.138,FALSE
2023,8,4.3-4.9 (provisional),850,0.328,FALSE
2023,8,>=5.0 (auto-exit),126,0.683,FALSE
2024,3,<4.0,6291,0.037,FALSE
2024,3,4.0-4.2,1006,0.271,FALSE
2024,3,4.3-4.9 (provisional),1337,0.527,FALSE
2024,3,>=5.0 (auto-exit),440,0.843,FALSE
2024,4,<4.0,4200,0.008,FALSE
2024,4,4.0-4.2,1003,0.067,FALSE
2024,4,4.3-4.9 (provisional),2390,0.236,FALSE
2024,4,>=5.0 (auto-exit),1618,0.654,FALSE
2024,5,<4.0,3475,0.004,FALSE
2024,5,4.0-4.2,857,0.033,FALSE
2024,5,4.3-4.9 (provisional),2096,0.132,FALSE
2024,5,>=5.0 (auto-exit),1272,0.405,FALSE
2024,6,<4.0,5277,0.025,FALSE
2024,6,4.0-4.2,795,0.171,FALSE
2024,6,4.3-4.9 (provisional),762,0.357,FALSE
2024,6,>=5.0 (auto-exit),87,0.713,FALSE
2024,7,<4.0,4929,0.019,FALSE
2024,7,4.0-4.2,827,0.133,FALSE
2024,7,4.3-4.9 (provisional),901,0.299,FALSE
2024,7,>=5.0 (auto-exit),150,0.773,FALSE
2024,8,<4.0,4686,0.02,FALSE
2024,8,4.0-4.2,829,0.145,FALSE
2024,8,4.3-4.9 (provisional),1091,0.296,FALSE
2024,8,>=5.0 (auto-exit),232,0.672,FALSE
2025,3,<4.0,6598,0.041,FALSE
2025,3,4.0-4.2,1102,0.274,FALSE
2025,3,4.3-4.9 (provisional),1636,0.509,FALSE
2025,3,>=5.0 (auto-exit),485,0.827,FALSE
2025,4,<4.0,4078,0.008,FALSE
2025,4,4.0-4.2,1044,0.063,FALSE
2025,4,4.3-4.9 (provisional),2414,0.185,FALSE
2025,4,>=5.0 (auto-exit),1651,0.549,FALSE
2025,5,<4.0,3699,0.005,FALSE
2025,5,4.0-4.2,872,0.044,FALSE
2025,5,4.3-4.9 (provisional),2135,0.124,FALSE
2025,5,>=5.0 (auto-exit),1376,0.359,FALSE
2025,6,<4.0,5245,0.016,FALSE
2025,6,4.0-4.2,814,0.131,FALSE
2025,6,4.3-4.9 (provisional),762,0.339,FALSE
2025,6,>=5.0 (auto-exit),98,0.714,FALSE
2025,7,<4.0,5330,0.01,FALSE
2025,7,4.0-4.2,861,0.086,FALSE
2025,7,4.3-4.9 (provisional),1025,0.213,FALSE
2025,7,>=5.0 (auto-exit),203,0.616,FALSE
2025,8,<4.0,4730,0.018,FALSE
2025,8,4.0-4.2,889,0.115,FALSE
2025,8,4.3-4.9 (provisional),1248,0.275,FALSE
2025,8,>=5.0 (auto-exit),297,0.599,FALSE
2026,3,<4.0,6477,0,FALSE
2026,3,4.0-4.2,1210,0,FALSE
2026,3,4.3-4.9 (provisional),1816,0,FALSE
2026,3,>=5.0 (auto-exit),585,0,FALSE
2026,4,<4.0,2799,0,FALSE
2026,4,4.0-4.2,1091,0,FALSE
2026,4,4.3-4.9 (provisional),2698,0,FALSE
2026,4,>=5.0 (auto-exit),1927,0,FALSE
2026,5,<4.0,2950,0,FALSE
2026,5,4.0-4.2,992,0,FALSE
2026,5,4.3-4.9 (provisional),2133,0,FALSE
2026,5,>=5.0 (auto-exit),1346,0,FALSE
2026,6,<4.0,4847,0,FALSE
2026,6,4.0-4.2,875,0,FALSE
2026,6,4.3-4.9 (provisional),844,0,FALSE
2026,6,>=5.0 (auto-exit),94,0,FALSE
2026,7,<4.0,4683,0,FALSE
2026,7,4.0-4.2,906,0,FALSE
2026,7,4.3-4.9 (provisional),1105,0,FALSE
2026,7,>=5.0 (auto-exit),156,0,FALSE
2026,8,<4.0,4533,0,FALSE
2026,8,4.0-4.2,943,0,FALSE
2026,8,4.3-4.9 (provisional),1364,0,FALSE
2026,8,>=5.0 (auto-exit),275,0,FALSE
