YEAR,GRADE,WIDA_LEVEL,N,suppress
2017,3,WIDA Level 1,231,FALSE
2017,3,WIDA Level 2,905,FALSE
2017,3,WIDA Level 3,2868,FALSE
2017,3,WIDA Level 4,792,FALSE
2017,3,WIDA Level 4.3,808,FALSE
2017,3,WIDA Level 5,101,FALSE
2017,4,WIDA Level 1,49,FALSE
2017,4,WIDA Level 2,226,FALSE
2017,4,WIDA Level 3,1420,FALSE
2017,4,WIDA Level 4,602,FALSE
2017,4,WIDA Level 4.3,740,FALSE
2017,4,WIDA Level 5,120,FALSE
2017,5,WIDA Level 1,64,FALSE
2017,5,WIDA Level 2,217,FALSE
2017,5,WIDA Level 3,873,FALSE
2017,5,WIDA Level 4,340,FALSE
2017,5,WIDA Level 4.3,461,FALSE
2017,5,WIDA Level 5,82,FALSE
2017,6,WIDA Level 1,96,FALSE
2017,6,WIDA Level 2,457,FALSE
2017,6,WIDA Level 3,966,FALSE
2017,6,WIDA Level 4,193,FALSE
2017,6,WIDA Level 4.3,169,FALSE
2017,6,WIDA Level 5,26,FALSE
2017,7,WIDA Level 1,157,FALSE
2017,7,WIDA Level 2,444,FALSE
2017,7,WIDA Level 3,1115,FALSE
2017,7,WIDA Level 4,382,FALSE
2017,7,WIDA Level 4.3,328,FALSE
2017,7,WIDA Level 5,46,FALSE
2017,8,WIDA Level 1,144,FALSE
2017,8,WIDA Level 2,418,FALSE
2017,8,WIDA Level 3,1013,FALSE
2017,8,WIDA Level 4,397,FALSE
2017,8,WIDA Level 4.3,414,FALSE
2017,8,WIDA Level 5,48,FALSE
2018,3,WIDA Level 1,303,FALSE
2018,3,WIDA Level 2,827,FALSE
2018,3,WIDA Level 3,3341,FALSE
2018,3,WIDA Level 4,1039,FALSE
2018,3,WIDA Level 4.3,1360,FALSE
2018,3,WIDA Level 5,248,FALSE
2018,4,WIDA Level 1,136,FALSE
2018,4,WIDA Level 2,275,FALSE
2018,4,WIDA Level 3,1656,FALSE
2018,4,WIDA Level 4,961,FALSE
2018,4,WIDA Level 4.3,2153,FALSE
2018,4,WIDA Level 5,957,FALSE
2018,4,WIDA Level 6,101,FALSE
2018,5,WIDA Level 1,142,FALSE
2018,5,WIDA Level 2,264,FALSE
2018,5,WIDA Level 3,1143,FALSE
2018,5,WIDA Level 4,549,FALSE
2018,5,WIDA Level 4.3,1081,FALSE
2018,5,WIDA Level 5,447,FALSE
2018,5,WIDA Level 6,39,FALSE
2018,6,WIDA Level 1,201,FALSE
2018,6,WIDA Level 2,486,FALSE
2018,6,WIDA Level 3,1273,FALSE
2018,6,WIDA Level 4,284,FALSE
2018,6,WIDA Level 4.3,282,FALSE
2018,6,WIDA Level 5,40,FALSE
2018,7,WIDA Level 1,226,FALSE
2018,7,WIDA Level 2,479,FALSE
2018,7,WIDA Level 3,1091,FALSE
2018,7,WIDA Level 4,285,FALSE
2018,7,WIDA Level 4.3,300,FALSE
2018,7,WIDA Level 5,57,FALSE
2018,8,WIDA Level 1,221,FALSE
2018,8,WIDA Level 2,430,FALSE
2018,8,WIDA Level 3,1234,FALSE
2018,8,WIDA Level 4,422,FALSE
2018,8,WIDA Level 4.3,473,FALSE
2018,8,WIDA Level 5,78,FALSE
2019,3,WIDA Level 1,440,FALSE
2019,3,WIDA Level 2,839,FALSE
2019,3,WIDA Level 3,3249,FALSE
2019,3,WIDA Level 4,1066,FALSE
2019,3,WIDA Level 4.3,1644,FALSE
2019,3,WIDA Level 5,426,FALSE
2019,4,WIDA Level 1,203,FALSE
2019,4,WIDA Level 2,305,FALSE
2019,4,WIDA Level 3,1727,FALSE
2019,4,WIDA Level 4,1062,FALSE
2019,4,WIDA Level 4.3,2619,FALSE
2019,4,WIDA Level 5,1293,FALSE
2019,4,WIDA Level 6,125,FALSE
2019,5,WIDA Level 1,194,FALSE
2019,5,WIDA Level 2,272,FALSE
2019,5,WIDA Level 3,1282,FALSE
2019,5,WIDA Level 4,859,FALSE
2019,5,WIDA Level 4.3,2063,FALSE
2019,5,WIDA Level 5,915,FALSE
2019,5,WIDA Level 6,57,FALSE
2019,6,WIDA Level 1,310,FALSE
2019,6,WIDA Level 2,592,FALSE
2019,6,WIDA Level 3,1673,FALSE
2019,6,WIDA Level 4,555,FALSE
2019,6,WIDA Level 4.3,420,FALSE
2019,6,WIDA Level 5,36,FALSE
2019,7,WIDA Level 1,324,FALSE
2019,7,WIDA Level 2,547,FALSE
2019,7,WIDA Level 3,1146,FALSE
2019,7,WIDA Level 4,385,FALSE
2019,7,WIDA Level 4.3,366,FALSE
2019,7,WIDA Level 5,101,FALSE
2019,8,WIDA Level 1,333,FALSE
2019,8,WIDA Level 2,469,FALSE
2019,8,WIDA Level 3,1015,FALSE
2019,8,WIDA Level 4,346,FALSE
2019,8,WIDA Level 4.3,424,FALSE
2019,8,WIDA Level 5,95,FALSE
2021,3,WIDA Level 1,621,FALSE
2021,3,WIDA Level 2,1200,FALSE
2021,3,WIDA Level 3,3420,FALSE
2021,3,WIDA Level 4,984,FALSE
2021,3,WIDA Level 4.3,1365,FALSE
2021,3,WIDA Level 5,256,FALSE
2021,4,WIDA Level 1,302,FALSE
2021,4,WIDA Level 2,495,FALSE
2021,4,WIDA Level 3,2209,FALSE
2021,4,WIDA Level 4,1060,FALSE
2021,4,WIDA Level 4.3,2078,FALSE
2021,4,WIDA Level 5,1130,FALSE
2021,4,WIDA Level 6,194,FALSE
2021,5,WIDA Level 1,270,FALSE
2021,5,WIDA Level 2,417,FALSE
2021,5,WIDA Level 3,1796,FALSE
2021,5,WIDA Level 4,846,FALSE
2021,5,WIDA Level 4.3,1797,FALSE
2021,5,WIDA Level 5,956,FALSE
2021,5,WIDA Level 6,103,FALSE
2021,6,WIDA Level 1,272,FALSE
2021,6,WIDA Level 2,842,FALSE
2021,6,WIDA Level 3,2959,FALSE
2021,6,WIDA Level 4,615,FALSE
2021,6,WIDA Level 4.3,501,FALSE
2021,6,WIDA Level 5,72,FALSE
2021,7,WIDA Level 1,352,FALSE
2021,7,WIDA Level 2,788,FALSE
2021,7,WIDA Level 3,2476,FALSE
2021,7,WIDA Level 4,590,FALSE
2021,7,WIDA Level 4.3,639,FALSE
2021,7,WIDA Level 5,134,FALSE
2021,8,WIDA Level 1,380,FALSE
2021,8,WIDA Level 2,690,FALSE
2021,8,WIDA Level 3,1702,FALSE
2021,8,WIDA Level 4,392,FALSE
2021,8,WIDA Level 4.3,518,FALSE
2021,8,WIDA Level 5,141,FALSE
2021,8,WIDA Level 6,12,FALSE
2022,3,WIDA Level 1,789,FALSE
2022,3,WIDA Level 2,1361,FALSE
2022,3,WIDA Level 3,3382,FALSE
2022,3,WIDA Level 4,971,FALSE
2022,3,WIDA Level 4.3,1238,FALSE
2022,3,WIDA Level 5,292,FALSE
2022,3,WIDA Level 6,12,FALSE
2022,4,WIDA Level 1,402,FALSE
2022,4,WIDA Level 2,589,FALSE
2022,4,WIDA Level 3,2186,FALSE
2022,4,WIDA Level 4,1086,FALSE
2022,4,WIDA Level 4.3,2332,FALSE
2022,4,WIDA Level 5,1365,FALSE
2022,4,WIDA Level 6,329,FALSE
2022,5,WIDA Level 1,448,FALSE
2022,5,WIDA Level 2,461,FALSE
2022,5,WIDA Level 3,1800,FALSE
2022,5,WIDA Level 4,919,FALSE
2022,5,WIDA Level 4.3,1908,FALSE
2022,5,WIDA Level 5,1115,FALSE
2022,5,WIDA Level 6,171,FALSE
2022,6,WIDA Level 1,388,FALSE
2022,6,WIDA Level 2,774,FALSE
2022,6,WIDA Level 3,3082,FALSE
2022,6,WIDA Level 4,752,FALSE
2022,6,WIDA Level 4.3,669,FALSE
2022,6,WIDA Level 5,57,FALSE
2022,7,WIDA Level 1,473,FALSE
2022,7,WIDA Level 2,876,FALSE
2022,7,WIDA Level 3,2778,FALSE
2022,7,WIDA Level 4,721,FALSE
2022,7,WIDA Level 4.3,743,FALSE
2022,7,WIDA Level 5,135,FALSE
2022,8,WIDA Level 1,529,FALSE
2022,8,WIDA Level 2,802,FALSE
2022,8,WIDA Level 3,2352,FALSE
2022,8,WIDA Level 4,670,FALSE
2022,8,WIDA Level 4.3,886,FALSE
2022,8,WIDA Level 5,189,FALSE
2023,3,WIDA Level 1,929,FALSE
2023,3,WIDA Level 2,1532,FALSE
2023,3,WIDA Level 3,3641,FALSE
2023,3,WIDA Level 4,947,FALSE
2023,3,WIDA Level 4.3,1279,FALSE
2023,3,WIDA Level 5,378,FALSE
2023,4,WIDA Level 1,470,FALSE
2023,4,WIDA Level 2,657,FALSE
2023,4,WIDA Level 3,2259,FALSE
2023,4,WIDA Level 4,1085,FALSE
2023,4,WIDA Level 4.3,2315,FALSE
2023,4,WIDA Level 5,1344,FALSE
2023,4,WIDA Level 6,251,FALSE
2023,5,WIDA Level 1,536,FALSE
2023,5,WIDA Level 2,598,FALSE
2023,5,WIDA Level 3,1909,FALSE
2023,5,WIDA Level 4,959,FALSE
2023,5,WIDA Level 4.3,2060,FALSE
2023,5,WIDA Level 5,1087,FALSE
2023,5,WIDA Level 6,97,FALSE
2023,6,WIDA Level 1,553,FALSE
2023,6,WIDA Level 2,972,FALSE
2023,6,WIDA Level 3,3186,FALSE
2023,6,WIDA Level 4,756,FALSE
2023,6,WIDA Level 4.3,624,FALSE
2023,6,WIDA Level 5,50,FALSE
2023,7,WIDA Level 1,681,FALSE
2023,7,WIDA Level 2,969,FALSE
2023,7,WIDA Level 3,2916,FALSE
2023,7,WIDA Level 4,761,FALSE
2023,7,WIDA Level 4.3,747,FALSE
2023,7,WIDA Level 5,112,FALSE
2023,8,WIDA Level 1,701,FALSE
2023,8,WIDA Level 2,988,FALSE
2023,8,WIDA Level 3,2659,FALSE
2023,8,WIDA Level 4,777,FALSE
2023,8,WIDA Level 4.3,850,FALSE
2023,8,WIDA Level 5,124,FALSE
2024,3,WIDA Level 1,1165,FALSE
2024,3,WIDA Level 2,1485,FALSE
2024,3,WIDA Level 3,3641,FALSE
2024,3,WIDA Level 4,1006,FALSE
2024,3,WIDA Level 4.3,1337,FALSE
2024,3,WIDA Level 5,423,FALSE
2024,3,WIDA Level 6,17,FALSE
2024,4,WIDA Level 1,810,FALSE
2024,4,WIDA Level 2,860,FALSE
2024,4,WIDA Level 3,2530,FALSE
2024,4,WIDA Level 4,1003,FALSE
2024,4,WIDA Level 4.3,2390,FALSE
2024,4,WIDA Level 5,1360,FALSE
2024,4,WIDA Level 6,258,FALSE
2024,5,WIDA Level 1,802,FALSE
2024,5,WIDA Level 2,706,FALSE
2024,5,WIDA Level 3,1967,FALSE
2024,5,WIDA Level 4,857,FALSE
2024,5,WIDA Level 4.3,2096,FALSE
2024,5,WIDA Level 5,1141,FALSE
2024,5,WIDA Level 6,131,FALSE
2024,6,WIDA Level 1,877,FALSE
2024,6,WIDA Level 2,1230,FALSE
2024,6,WIDA Level 3,3170,FALSE
2024,6,WIDA Level 4,795,FALSE
2024,6,WIDA Level 4.3,762,FALSE
2024,6,WIDA Level 5,83,FALSE
2024,7,WIDA Level 1,958,FALSE
2024,7,WIDA Level 2,1163,FALSE
2024,7,WIDA Level 3,2808,FALSE
2024,7,WIDA Level 4,827,FALSE
2024,7,WIDA Level 4.3,901,FALSE
2024,7,WIDA Level 5,146,FALSE
2024,8,WIDA Level 1,1070,FALSE
2024,8,WIDA Level 2,1068,FALSE
2024,8,WIDA Level 3,2548,FALSE
2024,8,WIDA Level 4,829,FALSE
2024,8,WIDA Level 4.3,1091,FALSE
2024,8,WIDA Level 5,227,FALSE
2025,3,WIDA Level 1,1361,FALSE
2025,3,WIDA Level 2,1567,FALSE
2025,3,WIDA Level 3,3670,FALSE
2025,3,WIDA Level 4,1102,FALSE
2025,3,WIDA Level 4.3,1636,FALSE
2025,3,WIDA Level 5,466,FALSE
2025,3,WIDA Level 6,19,FALSE
2025,4,WIDA Level 1,769,FALSE
2025,4,WIDA Level 2,1013,FALSE
2025,4,WIDA Level 3,2296,FALSE
2025,4,WIDA Level 4,1044,FALSE
2025,4,WIDA Level 4.3,2414,FALSE
2025,4,WIDA Level 5,1379,FALSE
2025,4,WIDA Level 6,272,FALSE
2025,5,WIDA Level 1,880,FALSE
2025,5,WIDA Level 2,854,FALSE
2025,5,WIDA Level 3,1965,FALSE
2025,5,WIDA Level 4,872,FALSE
2025,5,WIDA Level 4.3,2135,FALSE
2025,5,WIDA Level 5,1183,FALSE
2025,5,WIDA Level 6,193,FALSE
2025,6,WIDA Level 1,846,FALSE
2025,6,WIDA Level 2,1290,FALSE
2025,6,WIDA Level 3,3109,FALSE
2025,6,WIDA Level 4,814,FALSE
2025,6,WIDA Level 4.3,762,FALSE
2025,6,WIDA Level 5,94,FALSE
2025,7,WIDA Level 1,1084,FALSE
2025,7,WIDA Level 2,1261,FALSE
2025,7,WIDA Level 3,2985,FALSE
2025,7,WIDA Level 4,861,FALSE
2025,7,WIDA Level 4.3,1025,FALSE
2025,7,WIDA Level 5,199,FALSE
2025,8,WIDA Level 1,1108,FALSE
2025,8,WIDA Level 2,1072,FALSE
2025,8,WIDA Level 3,2550,FALSE
2025,8,WIDA Level 4,889,FALSE
2025,8,WIDA Level 4.3,1248,FALSE
2025,8,WIDA Level 5,289,FALSE
2026,3,WIDA Level 1,938,FALSE
2026,3,WIDA Level 2,1313,FALSE
2026,3,WIDA Level 3,4226,FALSE
2026,3,WIDA Level 4,1210,FALSE
2026,3,WIDA Level 4.3,1816,FALSE
2026,3,WIDA Level 5,473,FALSE
2026,3,WIDA Level 6,112,FALSE
2026,4,WIDA Level 1,490,FALSE
2026,4,WIDA Level 2,546,FALSE
2026,4,WIDA Level 3,1763,FALSE
2026,4,WIDA Level 4,1091,FALSE
2026,4,WIDA Level 4.3,2698,FALSE
2026,4,WIDA Level 5,1641,FALSE
2026,4,WIDA Level 6,286,FALSE
2026,5,WIDA Level 1,579,FALSE
2026,5,WIDA Level 2,564,FALSE
2026,5,WIDA Level 3,1807,FALSE
2026,5,WIDA Level 4,992,FALSE
2026,5,WIDA Level 4.3,2133,FALSE
2026,5,WIDA Level 5,1243,FALSE
2026,5,WIDA Level 6,103,FALSE
2026,6,WIDA Level 1,633,FALSE
2026,6,WIDA Level 2,1147,FALSE
2026,6,WIDA Level 3,3067,FALSE
2026,6,WIDA Level 4,875,FALSE
2026,6,WIDA Level 4.3,844,FALSE
2026,6,WIDA Level 5,87,FALSE
2026,7,WIDA Level 1,782,FALSE
2026,7,WIDA Level 2,1124,FALSE
2026,7,WIDA Level 3,2777,FALSE
2026,7,WIDA Level 4,906,FALSE
2026,7,WIDA Level 4.3,1105,FALSE
2026,7,WIDA Level 5,140,FALSE
2026,7,WIDA Level 6,16,FALSE
2026,8,WIDA Level 1,872,FALSE
2026,8,WIDA Level 2,1081,FALSE
2026,8,WIDA Level 3,2580,FALSE
2026,8,WIDA Level 4,943,FALSE
2026,8,WIDA Level 4.3,1364,FALSE
2026,8,WIDA Level 5,236,FALSE
2026,8,WIDA Level 6,39,FALSE
